Date,KPI EAU,TCM,E_Appro Facturation,EI_Facturation,EP_Facturation,E. Appro Looker,EI_Looker,EP_Looker,ED_Total,EOR_Total,EP Cantines,EP Sanitaires,EP IFMIA,BD NORD,BD SUD,ZC,U3,Bât X,AEB+AKP,EP Arrosage,Rejet sanitaires,Rejet STEP,EI_TTS CATA_PA,EI_Application PA,EI_Peinture,ED_TTS CATA_PA,ED_Application PA,ED_Peinture,EI_TARs,EI_STEP,EI_AEB,EI_TC,EI _TOUR UE,EI_BD1&2,EI _ST,EI_Bouclier,EI_Incendie,EI Autres Process,ED_PB,ED_AEB,ED_TC,ED_BD,ED_UE,EOR TAR UE,EOR TAR BD,EOR TAR ST,is_arret,is_weekend,is_lundi,jour_semaine,mois,trimestre,nom_jour,semaine_annee,KPI_m3_veh,ratio_EOR_ED,taux_EP,taux_EI,anomalie_kpi,anomalie_recyclage,KPI_MA7,KPI_MA30,conso_MA7,zscore_KPI,zscore_conso,anomalie_zscore,anomalie_IF,score_IF,anomalie_finale,anomalie_forte
2026-01-06,1.228654124457308,691.0,849.0,458.0,348.0,776.0,441.0,335.0,672.0,88.0,82.0,263.0,3.0,9.0,9.0,15.0,19.0,12.0,18.0,0.0,355.0,0.0,198.0,62.0,260.0,502.0,95.0,597.0,58.0,31.0,72.0,84.0,20.0,33.0,5.0,0.0,0.0,-47.0,12.0,60.0,12.0,60.0,0.0,50.0,33.0,5.0,0,0,0,1,1,1,Tuesday,2,1.1230101302460205,0.1309523809523809,0.431701030927835,0.5682989690721649,0,0,,,770.0,0.10468438654104778,1.2497294034622133,0,0,-0.44851663163723793,0,0
2026-01-07,1.0731707317073171,738.0,792.0,456.0,309.0,809.0,481.0,328.0,729.0,38.0,89.0,218.0,2.0,9.0,10.0,15.0,23.0,13.0,19.0,0.0,315.0,0.0,209.0,63.0,272.0,465.0,96.0,561.0,44.0,38.0,72.0,81.0,22.0,18.0,4.0,5.0,21.0,-77.0,11.0,65.0,11.0,55.0,0.0,53.0,-19.0,4.0,0,0,0,2,1,1,Wednesday,2,1.0962059620596205,0.0521262002743484,0.4054388133498146,0.5945611866501854,0,1,,,775.5714285714286,0.15246694514315592,1.1347661268414957,0,0,-0.5422316007854208,0,0
2026-01-08,1.0274725274725274,910.0,935.0,605.0,312.0,910.0,599.0,311.0,642.0,90.0,81.0,230.0,1.0,8.0,9.0,14.0,22.0,11.0,17.0,0.0,318.0,0.0,280.0,58.0,338.0,457.0,16.0,473.0,47.0,56.0,72.0,94.0,31.0,11.0,5.0,4.0,0.0,-6.0,15.0,68.0,15.0,60.0,0.0,73.0,12.0,5.0,0,0,0,3,1,1,Thursday,2,1.0,0.1401869158878504,0.3417582417582417,0.6582417582417582,0,0,1.0730720307685468,,821.2857142857143,0.3239688917067669,0.782908825668996,0,0,-0.3944383142582026,0,0
2026-01-09,1.339622641509434,742.0,994.0,671.0,347.0,934.0,633.0,301.0,575.0,81.0,86.0,259.0,2.0,10.0,10.0,15.0,21.0,10.0,20.0,0.0,353.0,0.0,222.0,83.0,305.0,410.0,2.0,412.0,38.0,80.0,72.0,98.0,29.0,4.0,5.0,0.0,62.0,16.0,12.0,72.0,12.0,56.0,0.0,71.0,5.0,5.0,0,0,0,4,1,1,Friday,2,1.2587601078167117,0.1408695652173913,0.3222698072805139,0.6777301927194861,0,0,1.119494050030588,,860.4285714285714,0.137310858877445,0.6992991699448377,0,0,-0.42106563770647676,0,0
2026-01-10,1.09130060292851,1161.0,1267.0,1008.0,242.0,1325.0,1048.0,277.0,614.0,91.0,68.0,174.0,0.0,7.0,8.0,13.0,19.0,6.0,15.0,0.0,246.0,0.0,299.0,61.0,360.0,425.0,14.0,439.0,47.0,296.0,0.0,96.0,33.0,8.0,6.0,4.0,27.0,178.0,15.0,76.0,15.0,58.0,0.0,77.0,8.0,6.0,0,1,0,5,1,1,Saturday,2,1.1412575366063735,0.1482084690553746,0.2090566037735849,0.7909433962264151,0,0,1.1238467473457452,,945.1428571428572,0.07215557394419043,0.6628414712279085,0,0,-0.38854387232306814,0,0
2026-01-12,0.9282945736434108,1032.0,958.0,657.0,257.0,958.0,682.0,276.0,591.0,112.0,73.0,182.0,2.0,7.0,8.0,14.0,17.0,12.0,15.0,0.0,262.0,0.0,230.0,58.0,288.0,450.0,45.0,495.0,70.0,105.0,72.0,92.0,29.0,36.0,5.0,0.0,38.0,-8.0,12.0,49.0,12.0,12.0,0.0,70.0,37.0,5.0,0,0,1,0,1,1,Monday,3,0.9282945736434108,0.1895093062605753,0.2881002087682672,0.7118997912317327,0,0,1.091254718395356,,954.5714285714286,0.45179485941246533,0.6156895142206793,0,0,-0.42741974864935994,0,0
2026-01-13,0.8590192644483362,1142.0,981.0,622.0,334.0,959.0,626.0,333.0,717.0,76.0,82.0,249.0,3.0,8.0,9.0,13.0,22.0,13.0,17.0,0.0,340.0,0.0,269.0,55.0,324.0,511.0,94.0,605.0,28.0,63.0,72.0,86.0,36.0,-14.0,6.0,10.0,44.0,-5.0,19.0,51.0,19.0,12.0,0.0,84.0,-14.0,6.0,0,0,0,1,1,1,Tuesday,3,0.839754816112084,0.105997210599721,0.3472367049009385,0.6527632950990615,0,0,1.0440454993730337,1.0553261609263174,980.7142857142856,0.6096306155320542,0.6122057785655061,0,0,-0.4229655226103494,0,0
2026-01-15,0.8566581849024597,1179.0,1010.0,739.0,239.0,962.0,704.0,258.0,565.0,115.0,68.0,169.0,2.0,7.0,8.0,11.0,15.0,12.0,15.0,0.0,243.0,0.0,252.0,102.0,354.0,411.0,61.0,472.0,56.0,83.0,72.0,99.0,41.0,12.0,3.0,2.0,10.0,63.0,11.0,47.0,11.0,12.0,1.0,99.0,13.0,3.0,0,0,0,3,1,1,Thursday,3,0.8159457167090755,0.2035398230088495,0.2681912681912682,0.7318087318087318,0,0,0.9968025501775312,1.025403605399162,1023.2857142857144,0.6520740026790169,0.6017545715999862,0,0,-0.4365224039678045,0,0
2026-01-16,0.8130921619293713,1161.0,944.0,582.0,314.0,897.0,585.0,312.0,588.0,77.0,83.0,229.0,2.0,8.0,9.0,15.0,22.0,12.0,17.0,0.0,320.0,0.0,283.0,61.0,344.0,440.0,49.0,489.0,38.0,31.0,72.0,95.0,28.0,5.0,5.0,5.0,13.0,-16.0,13.0,50.0,13.0,12.0,0.0,67.0,5.0,5.0,0,0,0,4,1,1,Friday,3,0.772609819121447,0.1309523809523809,0.3478260869565217,0.6521739130434783,0,0,0.8995724924384781,0.9973154069238604,1018.0,0.7293269154221349,0.8281973891862484,0,0,-0.39918644149849547,0,0
2026-01-17,0.7400318979266348,1254.0,928.0,602.0,308.0,860.0,571.0,289.0,625.0,72.0,72.0,239.0,-3.0,9.0,9.0,15.0,12.0,9.0,18.0,0.0,314.0,-1.0,314.0,44.0,358.0,453.0,22.0,475.0,35.0,33.0,10.0,79.0,25.0,5.0,5.0,0.0,20.0,67.0,13.0,51.0,13.0,62.0,0.0,61.0,6.0,5.0,0,1,0,5,1,1,Saturday,3,0.6858054226475279,0.1152,0.336046511627907,0.663953488372093,0,0,0.8084820696467091,0.9661644084962272,951.5714285714286,0.8840691231486245,0.9570956084276592,0,0,-0.41807426352326543,0,0
2026-01-19,0.7168,1250.0,896.0,670.0,237.0,947.0,695.0,252.0,702.0,65.0,55.0,181.0,1.0,6.0,7.0,11.0,5.0,13.0,13.0,0.0,241.0,0.0,264.0,112.0,376.0,490.0,78.0,568.0,30.0,82.0,72.0,99.0,24.0,2.0,4.0,8.0,22.0,-19.0,16.0,71.0,16.0,12.0,0.0,59.0,2.0,4.0,0,0,1,0,1,1,Monday,4,0.7576,0.0925925925925925,0.26610348468849,0.73389651531151,0,1,0.7743431549180269,0.9472040077238428,918.5714285714286,0.7560842300602919,0.6540106064275852,0,0,-0.43050288335501596,0,0
2026-01-20,0.9681274900398408,1255.0,1215.0,841.0,338.0,1134.0,812.0,322.0,684.0,94.0,105.0,232.0,1.0,8.0,12.0,16.0,34.0,15.0,20.0,0.0,344.0,0.0,319.0,70.0,389.0,462.0,92.0,554.0,51.0,123.0,72.0,95.0,32.0,14.0,5.0,4.0,15.0,92.0,17.0,73.0,17.0,12.0,0.0,75.0,14.0,5.0,0,0,0,1,1,1,Tuesday,4,0.903585657370518,0.1374269005847953,0.2839506172839506,0.7160493827160493,0,0,0.7871093231697136,0.9435691451943992,943.5714285714286,0.4958423087342888,0.002552038910184881,0,0,-0.3764267563800323,0,0
2026-01-21,0.8938053097345132,1243.0,1111.0,758.0,334.0,1100.0,764.0,336.0,604.0,89.0,93.0,240.0,1.0,9.0,10.0,18.0,22.0,15.000000000000004,19.0,0.0,340.0,0.0,292.0,62.0,354.0,454.0,40.0,494.0,45.0,134.0,72.0,78.0,32.0,8.0,5.0,4.0,15.0,56.0,14.0,59.0,14.0,12.0,0.0,76.0,8.0,5.0,0,0,0,2,1,1,Wednesday,4,0.8849557522123894,0.1473509933774834,0.3054545454545455,0.6945454545454546,0,0,0.803417061343493,0.9390604226573216,950.0,0.5290529843568087,0.12099905118607585,0,0,-0.378767927027438,0,0
2026-01-22,1.3304239401496258,802.0,1067.0,704.0,277.0,982.0,705.0,277.0,508.0,82.0,70.0,205.0,2.0,5.0,8.0,13.0,21.0,10.0,13.0,0.0,282.0,0.0,194.0,58.0,252.0,367.0,44.0,411.0,40.0,147.0,72.0,92.0,30.0,6.0,4.0,4.0,18.0,79.0,10.0,54.0,10.0,12.0,0.0,71.0,7.0,4.0,0,0,0,3,1,1,Thursday,4,1.2244389027431422,0.1614173228346456,0.2820773930753564,0.7179226069246436,0,0,0.8714992590158374,0.9594445998063088,952.8571428571428,0.07612802412882205,0.532079858496521,0,0,-0.4390014713888593,0,0
2026-01-23,2.203804347826087,368.0,811.0,537.0,266.0,821.0,552.0,269.0,509.0,79.0,79.0,186.0,1.0,7.0,7.0,16.0,24.0,11.0,14.0,0.0,271.0,0.0,189.0,37.0,226.0,359.0,25.0,384.0,39.0,85.0,80.0,16.0,28.0,7.0,4.0,3.0,26.0,62.0,10.0,52.0,10.0,38.0,0.0,68.0,7.0,4.0,0,0,0,4,1,1,Friday,4,2.2309782608695654,0.1552062868369351,0.3276492082825822,0.6723507917174177,1,0,1.1145606659738572,1.044213510543859,942.0,1.8704394733983736,1.0929612989794164,0,0,-0.5347712866645432,0,0
2026-01-24,0.6473755047106325,743.0,481.0,287.0,162.0,444.0,282.0,162.0,212.0,45.0,36.0,126.0,0.0,2.0,3.0,6.0,18.0,2.0,5.0,0.0,165.0,0.0,55.0,41.0,96.0,156.0,2.0,158.0,20.0,40.0,29.0,7.0,16.0,2.0,2.0,0.0,23.0,72.0,5.0,14.0,5.0,20.0,3.0,40.0,2.0,3.0,0,1,0,5,1,1,Saturday,4,0.5975773889636609,0.2122641509433962,0.3648648648648648,0.6351351351351351,0,0,1.0998559936932126,1.0162987529450966,882.5714285714286,1.0413491834933868,2.406329640979737,0,1,-0.627456182757879,1,0
2026-01-26,1.2258469259723963,797.0,977.0,724.0,242.0,1015.0,766.0,249.0,488.0,83.0,60.0,180.0,2.0,5.0,7.0,12.0,15.0,9.0,12.0,0.0,246.0,0.0,228.0,30.0,258.0,388.0,124.0,512.0,49.0,192.0,56.0,15.0,24.0,12.0,13.0,3.0,0.0,151.0,8.0,39.0,8.0,39.0,0.0,58.0,12.0,13.0,0,0,1,0,1,1,Monday,5,1.273525721455458,0.1700819672131147,0.2453201970443349,0.7546798029556651,0,0,1.1858436139357889,1.031429751092765,903.8571428571428,0.16363283962622524,0.41711658187580325,0,0,-0.44413427065501876,0,0
2026-01-30,0.8711340206185567,388.0,338.0,299.0,116.0,457.0,338.0,119.0,162.0,37.0,33.0,83.0,0.0,1.0,2.0,5.0,17.0,5.0,3.0,0.0,118.0,0.0,33.0,25.0,58.0,123.0,71.0,194.0,22.0,0.0,46.0,0.0,11.0,5.0,6.0,0.0,0.0,173.0,3.0,29.0,3.0,13.0,0.0,26.0,5.0,6.0,0,0,0,4,1,1,Friday,5,1.1778350515463918,0.228395061728395,0.2603938730853392,0.7396061269146609,0,0,1.0163127206551703,1.0395633788957443,521.1428571428571,0.006950519305423483,2.3610410774624846,0,1,-0.6664201267406614,1,0
2026-01-31,0.0,433.0,0.0,653.0,210.0,801.0,604.0,197.0,435.0,74.0,56.0,154.0,0.0,5.0,7.0,11.0,17.0,4.0,12.0,0.0,214.0,0.0,186.0,16.0,202.0,298.0,9.0,307.0,44.0,121.0,50.0,13.0,22.0,10.0,12.0,0.0,0.0,223.0,10.0,26.0,10.0,35.0,0.0,52.0,10.0,12.0,0,1,0,5,1,1,Saturday,5,1.8498845265588917,0.1701149425287356,0.2459425717852684,0.7540574282147315,1,0,1.4337484331869137,1.0822118603516997,572.1428571428571,1.1910811897924942,1.1626360120828818,0,0,-0.4972000034207861,0,0
2026-02-01,4.940133037694014,451.0,2228.0,936.0,95.0,945.0,868.0,77.0,444.0,33.0,24.0,55.0,0.0,2.0,2.0,10.0,4.0,2.0,4.0,0.0,97.0,0.0,332.0,48.0,380.0,274.0,92.0,366.0,37.0,50.0,35.0,4.0,0.0,33.0,4.0,3.0,400.0,27.0,7.0,70.0,1.0,39.0,0.0,0.0,47.0,-14.0,0,1,0,6,2,1,Sunday,5,2.0953436807095343,0.0743243243243243,0.0814814814814814,0.9185185185185184,1,1,1.599147245067569,1.1328684513695912,588.4285714285714,1.6286499416397506,0.6609780777379317,0,1,-0.5536724406328764,1,0
2026-02-02,0.8374306106264869,1261.0,1056.0,759.0,65.0,971.0,886.0,85.0,634.0,86.0,81.0,0.0,1.0,7.0,9.0,14.0,20.0,15.0,16.0,0.0,66.0,0.0,308.0,47.0,355.0,461.0,151.0,612.0,37.0,143.0,61.0,15.0,31.0,3.0,3.0,0.0,80.0,68.0,16.0,80.0,2.0,1.0,1.0,77.0,4.0,5.0,0,0,1,0,2,1,Monday,6,0.7700237906423474,0.1356466876971608,0.0875386199794026,0.9124613800205972,0,0,1.4732717623642912,1.1155901341921033,582.1428571428571,0.7339369095279021,0.5704009507034269,0,0,-0.3778316635094419,0,0
2026-02-03,1.2975206611570247,847.0,1099.0,763.0,0.0,741.0,741.0,,616.0,76.0,73.0,0.0,0.0,7.0,7.0,14.0,20.0,11.0,14.0,0.0,0.0,0.0,291.0,57.0,348.0,438.0,151.0,589.0,36.0,118.0,63.0,13.0,30.0,2.0,4.0,3.0,15.0,167.0,15.0,78.0,15.0,70.0,0.0,42.0,2.0,32.0,0,0,0,1,2,1,Tuesday,6,0.8748524203069658,0.1233766233766233,,1.0,0,0,1.353587893952826,1.104647510833688,614.5714285714286,0.5470637297561903,1.3716601513932776,0,0,-0.4370841770675367,0,0
2026-02-06,0.4475183075671277,1229.0,550.0,435.0,72.0,111.0,80.0,31.0,551.0,84.0,70.0,0.0,1.0,7.0,8.0,12.0,20.0,8.0,15.0,0.0,73.0,105.0,11.0,8.0,19.0,345.0,119.0,464.0,46.0,32.0,5.0,5.0,26.0,14.0,6.0,0.0,19.0,309.0,10.0,50.0,11.0,44.0,0.0,38.0,20.0,26.0,0,0,0,4,2,1,Friday,6,0.0903173311635475,0.1524500907441016,0.2792792792792792,0.7207207207207207,0,0,1.1360843498762574,1.055873641771383,611.7142857142857,1.9456183728891157,3.5664136141524336,1,1,-0.5902460023855497,1,1
2026-02-07,0.6957186544342507,1308.0,910.0,599.0,0.0,693.0,681.0,12.0,611.0,89.0,84.0,0.0,0.0,8.0,10.0,16.0,21.0,11.0,18.0,0.0,0.0,0.0,309.0,78.0,387.0,460.0,13.0,473.0,45.0,38.0,77.0,6.0,29.0,2.0,14.0,3.0,15.0,28.0,16.0,62.0,1.0,59.0,0.0,71.0,10.0,8.0,0,1,0,5,2,1,Saturday,6,0.5298165137614679,0.1456628477905073,0.0173160173160173,0.9826839826839828,0,0,0.8720707473167726,1.0334839519505006,596.2857142857143,1.162143381163051,1.5388794628415943,0,0,-0.4516209566547117,0,0
2026-02-08,2.4827586206896552,435.0,1080.0,881.0,0.0,694.0,681.0,13.0,570.0,64.0,45.0,0.0,30.0,3.0,4.0,11.0,9.0,11.0,7.0,0.0,0.0,0.0,454.0,54.0,508.0,460.0,2.0,462.0,30.0,67.0,108.0,6.0,22.0,1.0,7.0,2.0,29.0,131.0,16.0,68.0,15.0,5.0,4.0,51.0,8.0,5.0,0,1,0,6,2,1,Sunday,6,1.5954022988505747,0.1122807017543859,0.0187319884726224,0.9812680115273776,1,0,0.7720824709449807,1.0495145324759223,560.4285714285714,0.737427419449515,1.535395727186421,0,0,-0.5003903152848521,0,0
2026-02-09,0.7173174872665535,1178.0,845.0,503.0,166.0,755.0,572.0,183.0,653.0,87.0,86.0,104.0,-28.0,8.0,10.0,14.0,20.0,16.0,18.0,0.0,169.0,0.0,420.0,95.0,515.0,494.0,24.0,518.0,68.0,45.0,94.0,11.0,43.0,4.0,21.0,0.0,0.0,-230.0,12.0,70.0,14.0,39.0,0.0,60.0,15.0,12.0,0,0,1,0,2,1,Monday,7,0.6409168081494058,0.1332312404287902,0.2423841059602649,0.7576158940397351,0,0,0.7462610744463924,1.0256887835017812,529.5714285714286,0.9640899929591731,1.3228878522208518,0,0,-0.4185422054991917,0,0
2026-02-10,0.7983402489626557,1205.0,962.0,622.0,331.0,907.0,593.0,314.0,698.0,96.0,57.0,264.0,2.0,8.0,0.0,15.0,12.0,14.0,8.0,0.0,337.0,0.0,212.0,32.0,244.0,562.0,48.0,610.0,31.0,32.0,37.0,7.0,20.0,2.0,9.0,0.0,8.0,263.0,5.0,74.0,3.0,6.0,0.0,48.0,42.0,6.0,0,0,0,1,2,1,Tuesday,7,0.7526970954356846,0.1375358166189111,0.3461962513781698,0.6538037486218302,0,0,0.7218300094721362,1.0132800704078675,553.2857142857143,0.7648244126705402,0.7933600326345157,0,0,-0.39725306230478624,0,0
2026-02-11,1.0960086299892124,927.0,1016.0,663.0,318.0,999.0,678.0,321.0,698.0,107.0,114.0,197.0,1.0,12.0,15.0,16.0,30.0,14.0,27.0,0.0,324.0,0.0,283.0,77.0,360.0,548.0,103.0,651.0,59.0,91.0,71.0,15.0,35.0,4.0,20.0,3.0,42.0,22.0,4.0,24.0,4.0,15.0,0.0,83.0,12.0,12.0,0,0,0,2,2,1,Wednesday,7,1.077669902912621,0.153295128939828,0.3213213213213213,0.6786786786786787,0,0,0.7811366583788836,1.020069858101923,641.2857142857143,0.18551032579516336,0.4728563523585755,0,0,-0.4071662215868961,0,0
2026-02-12,0.7701492537313432,1340.0,1032.0,732.0,314.0,693.0,681.0,12.0,653.0,91.0,82.0,221.0,1.0,8.0,7.0,16.0,22.0,14.0,15.0,0.0,320.0,0.0,323.0,68.0,391.0,523.0,49.0,572.0,45.0,123.0,57.0,9.0,29.0,2.0,14.0,0.0,20.0,87.0,5.0,69.0,5.0,10.0,0.0,72.0,10.0,9.0,0,0,0,3,2,1,Thursday,7,0.5171641791044777,0.1393568147013782,0.0173160173160173,0.9826839826839828,0,0,0.7434263041968256,1.00540664732885,693.1428571428571,1.1846981166055732,1.5388794628415943,0,0,-0.46885616221846915,0,0
2026-02-15,2.0182232346241458,439.0,886.0,740.0,93.0,807.0,720.0,87.0,484.0,40.0,17.0,66.0,0.0,1.0,1.0,7.0,3.0,3.0,2.0,0.0,95.0,0.0,295.0,25.0,320.0,325.0,54.0,379.0,22.0,120.0,47.0,3.0,13.0,0.0,9.0,0.0,110.0,118.0,0.0,79.0,0.0,5.0,0.0,31.0,4.0,5.0,0,1,0,6,2,1,Sunday,7,1.8382687927107064,0.0826446280991735,0.1078066914498141,0.8921933085501859,1,1,0.9653433556625792,1.0651742618149942,780.0,1.1703743549656251,1.1417335981518422,0,0,-0.5385590098125562,0,0
2026-02-16,0.7310725552050473,1268.0,927.0,620.0,296.0,963.0,656.0,307.0,718.0,115.0,85.0,202.0,1.0,9.0,9.0,15.0,21.0,13.0,18.0,0.0,304.0,4.0,309.0,60.0,369.0,587.0,31.0,618.0,54.0,71.0,76.0,9.0,33.0,3.0,18.0,10.0,14.0,17.0,6.0,63.0,6.0,25.0,0.0,79.0,25.0,11.0,0,0,1,0,2,1,Monday,8,0.7594637223974764,0.16016713091922,0.3187954309449636,0.6812045690550363,0,0,0.9890527385121932,1.0686817998983251,809.7142857142857,0.7527618578062385,0.598270835944813,0,0,-0.4095932038803775,0,0
2026-02-17,0.8643939393939394,1320.0,1141.0,811.0,329.0,1126.0,801.0,325.0,775.0,92.0,95.0,222.0,1.0,9.0,11.0,17.0,24.0,14.0,20.0,0.0,338.0,0.0,305.0,56.0,361.0,534.0,117.0,651.0,65.0,133.0,80.0,10.0,43.0,4.0,18.0,5.0,13.0,144.0,6.0,86.0,5.0,27.0,0.0,73.0,10.0,8.0,0,0,0,1,2,1,Tuesday,8,0.853030303030303,0.1187096774193548,0.2886323268206039,0.7113676731793961,0,0,1.009119380031117,1.0588794591315969,841.0,0.5859650151959404,0.03042192415157099,0,0,-0.43208066345257007,0,0
2026-02-18,0.9826546003016592,1326.0,1303.0,669.0,322.0,1279.0,960.0,319.0,635.0,22.0,92.0,219.0,1.0,10.0,10.0,17.0,21.0,14.0,20.0,0.0,328.0,0.0,319.0,73.0,392.0,456.0,62.0,518.0,169.0,144.0,78.0,17.0,142.0,4.0,23.0,5.0,12.0,-148.0,5.0,88.0,6.0,18.0,0.0,0.0,10.0,12.0,0,0,0,2,2,1,Wednesday,8,0.9645550527903468,0.0346456692913385,0.2494136043784206,0.7505863956215794,0,1,0.986496410006662,1.0682865069857037,881.0,0.38715496990982845,0.5025896310899384,0,0,-0.5434152951311259,0,0
2026-02-19,1.0178988326848248,1285.0,1308.0,1275.0,290.0,1289.0,992.0,297.0,623.0,39.0,87.0,194.0,1.0,7.0,16.0,12.0,20.0,9.0,23.0,0.0,299.0,0.0,293.0,61.0,354.0,413.0,64.0,477.0,138.0,173.0,114.0,12.0,114.0,4.0,20.0,3.0,117.0,364.0,23.0,87.0,6.0,30.0,0.0,22.0,10.0,7.0,0,0,0,3,2,1,Thursday,8,1.003112840466926,0.0626003210272873,0.230411171450737,0.769588828549263,0,1,1.0836861422791515,1.072810469853722,966.1428571428572,0.31841977408462874,0.537426987641671,0,0,-0.45601010355316246,0,0
2026-02-20,1.1012298959318827,1057.0,1164.0,831.0,325.0,1131.0,810.0,321.0,663.0,106.0,95.0,215.0,2.0,6.0,1.0,14.0,58.0,9.0,7.0,0.0,334.0,6.0,292.0,61.0,353.0,474.0,32.0,506.0,57.0,144.0,87.0,10.0,35.0,4.0,18.0,2.0,14.0,164.0,23.0,88.0,5.0,41.0,0.0,85.0,10.0,11.0,0,0,0,4,2,1,Friday,8,1.0700094607379376,0.1598793363499245,0.2838196286472148,0.7161803713527851,0,0,1.081406695355616,1.0812220020594288,1029.571428571429,0.19916624395626478,0.013003245875704672,0,0,-0.3974554242327236,0,0
2026-02-21,0.977635782747604,1252.0,1224.0,822.0,350.0,1200.0,848.0,352.0,674.0,125.0,39.0,302.0,0.0,8.0,10.0,13.0,-19.0,9.0,18.0,0.0,357.0,12.0,270.0,77.0,347.0,486.0,21.0,507.0,62.0,167.0,84.0,12.0,39.0,5.0,18.0,7.0,13.0,130.0,24.0,86.0,6.0,51.0,0.0,96.0,14.0,15.0,0,1,0,5,2,1,Saturday,8,0.9584664536741214,0.1854599406528189,0.2933333333333333,0.7066666666666667,0,0,1.0638438036868312,1.0691323452835642,1113.571428571429,0.39800883569863504,0.22737451433125053,0,0,-0.39278973314523913,0,0
2026-02-22,1.6538461538461535,832.0,1376.0,1080.0,255.0,1317.0,1064.0,253.0,749.0,102.0,69.0,177.0,0.0,8.0,8.0,12.0,18.0,7.0,16.0,0.0,260.0,0.0,420.0,59.0,479.0,545.0,70.0,615.0,52.0,197.0,119.0,20.0,36.0,4.0,12.0,9.0,26.0,178.0,19.0,76.0,4.0,35.0,0.0,86.0,11.0,5.0,0,1,0,6,2,1,Sunday,8,1.5829326923076923,0.1361815754339118,0.1921032649962035,0.8078967350037966,1,0,1.0273672179149718,1.039675728530752,1186.428571428571,0.7151984250171182,0.6349715859865224,0,0,-0.46589025722672267,0,0
2026-02-23,0.9455611390284756,1194.0,1129.0,779.0,320.0,1101.0,781.0,320.0,588.0,127.0,66.0,244.0,1.0,6.0,8.0,12.0,17.0,9.0,14.0,0.0,326.0,0.0,275.0,63.0,338.0,428.0,35.0,463.0,68.0,141.0,61.0,10.0,39.0,6.0,23.0,5.0,14.0,142.0,22.0,69.0,6.0,28.0,0.0,93.0,14.0,19.0,0,0,1,0,2,1,Monday,9,0.9221105527638191,0.2159863945578231,0.290644868301544,0.709355131698456,0,0,1.050602479395878,1.0544272359762137,1206.142857142857,0.46281882919286976,0.11751531553090258,0,0,-0.4194331421841061,0,0
2026-02-24,0.8606811145510835,1292.0,1112.0,715.0,319.0,1039.0,719.0,320.0,632.0,130.0,79.0,223.0,0.0,8.0,9.0,17.0,19.0,9.0,17.0,0.0,328.0,0.0,283.0,70.0,353.0,425.0,85.0,510.0,69.0,105.0,70.0,12.0,37.0,7.0,25.0,4.0,15.0,87.0,25.0,69.0,6.0,22.0,0.0,91.0,16.0,22.0,0,0,0,1,2,1,Tuesday,9,0.8041795665634675,0.2056962025316455,0.3079884504331087,0.6920115495668913,0,0,1.043623802757759,1.0435469025234856,1193.7142857142858,0.6730489777255837,0.33350692615164496,0,0,-0.40635200760964757,0,0
2026-02-25,0.9345650500384912,1299.0,1214.0,869.0,325.0,1206.0,878.0,328.0,622.0,118.0,76.0,235.0,0.0,7.0,9.0,15.0,20.0,9.0,16.0,0.0,335.0,0.0,298.0,46.0,344.0,445.0,58.0,503.0,68.0,104.0,62.0,12.0,38.0,5.0,25.0,10.0,15.0,254.0,22.0,70.0,6.0,21.0,0.0,90.0,13.0,15.0,0,0,0,2,2,1,Wednesday,9,0.928406466512702,0.1897106109324758,0.2719734660033167,0.7280265339966833,0,0,1.0384597190038094,1.0285417175259743,1183.2857142857142,0.45159539313741137,0.24827692826229011,0,0,-0.38587692067636403,0,0
2026-02-26,0.8933021806853583,1284.0,1147.0,833.0,337.0,1150.0,817.0,333.0,609.0,161.0,82.0,235.0,0.0,7.0,9.0,18.0,23.0,9.0,16.0,0.0,347.0,0.0,294.0,60.0,354.0,446.0,33.0,479.0,135.0,148.0,65.0,18.0,39.0,4.0,92.0,3.0,18.0,92.0,27.0,72.0,6.0,25.0,0.0,94.0,13.0,53.0,0,0,0,3,2,1,Thursday,9,0.8956386292834891,0.264367816091954,0.2895652173913043,0.7104347826086956,0,0,1.0231062602633183,1.023004088849204,1163.428571428571,0.5100091104287254,0.05318773157258734,0,1,-0.5585977819068351,1,0
2026-02-27,0.9352396972245584,1189.0,1112.0,724.0,312.0,1033.0,722.0,311.0,643.0,124.0,74.0,225.0,0.0,7.0,9.0,14.0,20.0,8.0,16.0,0.0,321.0,0.0,299.0,75.0,374.0,476.0,52.0,528.0,68.0,116.0,64.0,6.0,38.0,5.0,25.0,3.0,9.0,84.0,19.0,71.0,5.0,20.0,0.0,93.0,13.0,17.0,0,0,0,4,2,1,Friday,9,0.8687973086627419,0.1928460342146189,0.3010648596321394,0.6989351403678606,0,0,0.9943616671097192,1.0168358176417456,1149.428571428571,0.5578578989678742,0.35440934008268454,0,0,-0.39864795617851484,0,0
2026-02-28,1.3230373230373231,777.0,1028.0,751.0,275.0,1053.0,771.0,282.0,603.0,127.0,65.0,202.0,1.0,7.0,8.0,11.0,17.0,7.0,15.0,0.0,280.0,17.0,297.0,53.0,350.0,461.0,10.0,471.0,64.0,115.0,63.0,9.0,39.0,4.0,21.0,6.0,16.0,128.0,21.0,71.0,6.0,34.0,0.0,92.0,11.0,23.0,0,1,0,5,2,1,Saturday,9,1.3552123552123552,0.2106135986733001,0.2678062678062678,0.7321937321937322,0,0,1.0510396530437525,1.0298502998559995,1128.428571428571,0.3092518469893526,0.28473462697921925,0,0,-0.4705295465083595,0,0
2026-03-01,2.2974137931034484,464.0,1066.0,956.0,82.0,1025.0,949.0,76.0,400.0,57.0,16.0,52.0,0.0,1.0,1.0,8.0,3.0,1.0,2.0,0.0,83.0,0.0,348.0,37.0,385.0,275.0,39.0,314.0,31.0,110.0,123.0,12.0,20.0,2.0,9.0,5.0,11.0,279.0,4.0,73.0,0.0,5.0,4.0,49.0,5.0,2.0,0,1,0,6,3,1,Sunday,9,2.209051724137931,0.1425,0.0741463414634146,0.9258536585365854,1,0,1.140485229019501,1.0695124795710589,1086.7142857142858,1.8313520441957696,0.38227922532407066,0,0,-0.49497464738297303,0,0
2026-03-02,0.9325842696629212,1335.0,1245.0,964.0,274.0,1299.0,1007.0,292.0,689.0,121.0,74.0,192.0,2.0,7.0,10.0,12.0,17.0,11.0,17.0,0.0,282.0,,469.0,62.0,531.0,498.0,69.0,567.0,65.0,120.0,76.0,3.0,43.0,4.0,18.0,2.0,11.0,156.0,20.0,73.0,6.0,23.0,0.0,102.0,10.0,8.0,0,0,1,0,3,1,Monday,10,0.9730337078651684,0.1756168359941944,0.224788298691301,0.775211701308699,0,0,1.1477599654625508,1.0357874480828388,1115.0,0.3720404612198971,0.5722643441934037,0,0,-0.3937547253897168,0,0
2026-03-03,1.0886075949367089,1264.0,1376.0,1016.0,319.0,1336.0,1016.0,320.0,668.0,116.0,76.0,231.0,3.0,7.0,10.0,13.0,19.0,10.0,17.0,0.0,328.0,1.0,459.0,60.0,519.0,514.0,37.0,551.0,59.0,120.0,80.0,19.0,36.0,4.0,19.0,11.0,10.0,198.0,16.0,73.0,6.0,22.0,0.0,86.0,13.0,17.0,0,0,0,1,3,1,Tuesday,10,1.0569620253164558,0.1736526946107784,0.2395209580838323,0.7604790419161677,0,0,1.1838717452844063,0.995849692106182,1157.428571428571,0.2224253073712787,0.7011625634348144,0,0,-0.38831359067304394,0,0
2026-03-04,1.035598705501618,1236.0,1280.0,965.0,309.0,1302.0,991.0,311.0,709.0,93.0,89.0,214.0,2.0,13.0,11.0,13.0,19.0,9.0,24.0,0.0,318.0,21.0,464.0,70.0,534.0,506.0,69.0,575.0,50.0,119.0,63.0,7.0,34.0,2.0,14.0,2.0,12.0,178.0,21.0,74.0,5.0,34.0,0.0,80.0,5.0,7.0,0,0,0,2,3,1,Wednesday,10,1.0533980582524272,0.1311706629055007,0.238863287250384,0.761136712749616,0,0,1.20172768696151,1.0067487023988773,1171.142857142857,0.2287786276425392,0.5827155511589235,0,0,-0.38913475267956377,0,0
2026-03-05,1.0579937304075235,1276.0,1350.0,972.0,318.0,1262.0,947.0,315.0,634.0,99.0,50.0,254.0,2.0,1.0,5.0,11.0,18.0,9.0,6.0,0.0,327.0,12.0,354.0,61.0,415.0,475.0,29.0,504.0,59.0,143.0,70.0,14.0,38.0,3.0,18.0,7.0,11.0,253.0,20.0,78.0,5.0,27.0,0.0,75.0,7.0,17.0,0,0,0,3,3,1,Thursday,10,0.9890282131661442,0.1561514195583596,0.2496038034865293,0.7503961965134707,0,0,1.2150690560876034,1.0111400790473073,1187.142857142857,0.3435277917894994,0.4433661249519929,0,0,-0.37664132600794653,0,0
2026-03-06,1.050487156775908,1129.0,1186.0,855.0,337.0,1118.0,800.0,318.0,634.0,93.0,73.0,251.0,-1.0,6.0,8.0,14.0,23.0,8.0,14.0,0.0,347.0,20.0,291.0,56.0,347.0,463.0,32.0,495.0,46.0,141.0,68.0,8.0,32.0,2.0,12.0,3.0,12.0,230.0,25.0,76.0,5.0,33.0,0.0,76.0,7.0,10.0,0,0,0,4,3,1,Friday,10,0.9902568644818424,0.1466876971608832,0.2844364937388193,0.7155635062611807,0,0,1.2324204212046177,1.010366626655994,1199.2857142857142,0.3413375315625959,0.058291809392957104,0,0,-0.37899941348232297,0,0
2026-03-07,1.4231678486997636,846.0,1204.0,988.0,286.0,1190.0,903.0,287.0,682.0,101.0,67.0,210.0,1.0,8.0,8.0,11.0,18.0,6.0,16.0,0.0,291.0,0.0,297.0,59.0,356.0,495.0,44.0,539.0,57.0,169.0,70.0,14.0,36.0,3.0,18.0,0.0,14.0,308.0,24.0,76.0,5.0,38.0,0.0,88.0,9.0,4.0,0,1,0,5,3,1,Saturday,10,1.4066193853427895,0.1480938416422287,0.2411764705882353,0.7588235294117647,0,0,1.2397642826518227,1.024518510894808,1218.857142857143,0.40089279673589756,0.19253715777951788,0,0,-0.4276182055264579,0,0
2026-03-08,2.806167400881057,454.0,1274.0,1037.0,107.0,1031.0,954.0,77.0,473.0,53.0,17.0,76.0,0.0,1.0,1.0,8.0,4.0,1.0,2.0,0.0,109.0,0.0,352.0,36.0,388.0,367.0,31.0,398.0,26.0,129.0,130.0,8.0,16.0,1.0,9.0,5.0,19.0,332.0,7.0,55.0,1.0,7.0,5.0,38.0,1.0,13.0,0,1,0,6,3,1,Sunday,10,2.2709251101321586,0.1120507399577167,0.0746847720659553,0.9253152279340446,1,0,1.248603337793855,1.102397360143687,1219.7142857142858,1.941650885466289,0.36137681139303107,0,0,-0.4910463041079159,0,0
2026-03-09,0.7560975609756098,1271.0,961.0,627.0,264.0,1127.0,828.0,299.0,707.0,113.0,43.0,212.0,1.0,3.0,1.0,10.0,16.0,9.0,4.0,0.0,272.0,0.0,289.0,81.0,370.0,551.0,33.0,584.0,52.0,120.0,61.0,11.0,33.0,3.0,16.0,7.0,13.0,-7.0,20.0,72.0,5.0,26.0,0.0,80.0,8.0,25.0,0,0,1,0,3,1,Monday,11,0.8867033831628639,0.1598302687411598,0.2653061224489796,0.7346938775510204,0,0,1.2362704342649544,1.1151433197651657,1195.142857142857,0.5259375629893113,0.026938188496397727,0,0,-0.3938052805250255,0,0
2026-03-10,1.00531914893617,1316.0,1323.0,996.0,321.0,1312.0,992.0,320.0,823.0,85.0,98.0,222.0,1.0,15.0,14.0,12.0,19.0,9.0,29.0,0.0,330.0,0.0,296.0,61.0,357.0,576.0,109.0,685.0,52.0,173.0,61.0,9.0,34.0,2.0,16.0,8.0,14.0,322.0,24.0,83.0,5.0,26.0,0.0,79.0,6.0,0.0,0,0,0,1,3,1,Tuesday,11,0.9969604863221884,0.103280680437424,0.2439024390243902,0.7560975609756098,0,0,1.2276987858372022,1.0937703978891515,1191.7142857142858,0.32938729303233516,0.6175529077106561,0,0,-0.47547247864578857,0,0
2026-03-11,1.0345604808414726,1331.0,1377.0,1033.0,322.0,1324.0,1006.0,318.0,646.0,109.0,75.0,234.0,3.0,7.0,9.0,13.0,21.0,9.0,16.0,0.0,331.0,0.0,299.0,59.0,358.0,458.0,42.0,500.0,67.0,141.0,67.0,13.0,35.0,3.0,29.0,5.0,10.0,372.0,29.0,78.0,6.0,33.0,0.0,84.0,9.0,15.0,0,0,0,2,3,1,Wednesday,11,0.994740796393689,0.1687306501547987,0.2401812688821752,0.7598187311178247,0,0,1.2193191770002394,1.106406968897876,1194.857142857143,0.3333442322422916,0.6593577355727352,0,0,-0.38319044215274534,0,0
2026-03-12,1.0437735849056604,1325.0,1383.0,976.0,322.0,1304.0,982.0,322.0,651.0,128.0,64.0,247.0,3.0,7.0,3.0,13.0,20.0,11.0,10.0,0.0,331.0,0.0,293.0,73.0,366.0,446.0,50.0,496.0,66.0,132.0,81.0,11.0,42.0,4.0,20.0,5.0,9.0,306.0,29.0,88.0,6.0,32.0,0.0,100.0,11.0,17.0,0,0,0,3,3,1,Thursday,11,0.9841509433962264,0.1966205837173579,0.2469325153374233,0.7530674846625767,0,0,1.2186224241759651,1.1146731777536096,1200.857142857143,0.35222227643004983,0.58968302246927,0,0,-0.38138874933086875,0,0
2026-03-13,1.0172802404207364,1331.0,1354.0,1078.0,307.0,1386.0,1069.0,317.0,575.0,121.0,82.0,215.0,1.0,6.0,15.0,12.0,19.0,9.0,21.0,0.0,316.0,0.0,303.0,69.0,372.0,424.0,18.0,442.0,68.0,122.0,59.0,12.0,36.0,5.0,27.0,0.0,14.0,431.0,27.0,72.0,6.0,28.0,0.0,88.0,14.0,19.0,0,0,0,4,3,1,Friday,11,1.0413223140495869,0.2104347826086956,0.2287157287157287,0.7712842712842712,0,0,1.225917488399929,1.1133750495799295,1239.142857142857,0.25030550178478733,0.8753493461934776,0,0,-0.4298892678225958,0,0
2026-03-14,1.4355016538037486,907.0,1302.0,930.0,294.0,1208.0,927.0,281.0,561.0,110.0,69.0,210.0,0.0,6.0,8.0,13.0,23.0,5.0,14.0,0.0,300.0,0.0,318.0,64.0,382.0,422.0,16.0,438.0,56.0,127.0,67.0,8.0,36.0,4.0,16.0,11.0,9.0,270.0,20.0,75.0,5.0,23.0,0.0,86.0,12.0,12.0,0,1,0,5,3,1,Saturday,11,1.331863285556781,0.196078431372549,0.2326158940397351,0.7673841059602649,0,0,1.2152380455733562,1.1424714462389407,1241.7142857142858,0.2676285337283852,0.2552443995726366,0,0,-0.45132345643063504,0,0
2026-03-15,2.0859538784067087,477.0,995.0,816.0,126.0,927.0,806.0,121.0,401.0,60.0,29.0,82.0,0.0,2.0,4.0,10.0,4.0,3.0,6.0,0.0,128.0,0.0,319.0,45.0,364.0,281.0,37.0,318.0,32.0,101.0,60.0,13.0,23.0,0.0,9.0,10.0,16.0,220.0,3.0,71.0,0.0,5.0,4.0,56.0,1.0,3.0,0,1,0,6,3,1,Sunday,11,1.9433962264150944,0.1496259351620947,0.1305285868392664,0.8694714131607335,1,0,1.168448205042347,1.1700895421070838,1226.857142857143,1.3577801989648386,0.7236853195310505,0,0,-0.4952093204889317,0,0
2026-03-16,0.8342328450269854,1297.0,1082.0,848.0,303.0,1094.0,781.0,313.0,588.0,100.0,86.0,202.0,3.0,8.0,12.0,15.0,21.0,10.0,20.0,0.0,312.0,0.0,293.0,85.0,378.0,451.0,-8.0,443.0,62.0,88.0,58.0,8.0,35.0,4.0,23.0,0.0,10.0,244.0,30.0,74.0,6.0,35.0,0.0,83.0,10.0,6.0,0,0,1,0,3,1,Monday,12,0.843484965304549,0.1700680272108843,0.2861060329067642,0.7138939670932358,0,0,1.162274145348302,1.1592027228803328,1222.142857142857,0.6029810500188071,0.14190146511711543,0,0,-0.3973469675087385,0,0
2026-03-17,1.0458715596330277,1308.0,1368.0,938.0,334.0,1298.0,975.0,323.0,693.0,136.0,72.0,248.0,1.0,7.0,8.0,14.0,20.0,8.0,15.0,0.0,344.0,0.0,312.0,74.0,386.0,475.0,73.0,548.0,68.0,106.0,67.0,14.0,37.0,4.0,27.0,4.0,9.0,284.0,30.0,75.0,6.0,34.0,0.0,89.0,11.0,36.0,0,0,0,1,3,1,Tuesday,12,0.992354740061162,0.1962481962481962,0.24884437596302,0.75115562403698,0,0,1.161616181596727,1.1310055877920144,1220.142857142857,0.33759774519386115,0.5687806085382304,0,0,-0.4037239221982136,0,0
2026-03-18,1.5380645161290325,775.0,1192.0,809.0,265.0,1155.0,870.0,285.0,629.0,125.0,67.0,181.0,6.0,6.0,9.0,12.0,18.0,7.0,15.0,0.0,270.0,0.0,316.0,55.0,371.0,435.0,50.0,485.0,70.0,126.0,81.0,13.0,38.0,5.0,27.0,6.0,14.0,128.0,32.0,74.0,6.0,32.0,0.0,91.0,16.0,18.0,0,0,0,2,3,1,Wednesday,12,1.4903225806451612,0.1987281399046105,0.2467532467532467,0.7532467532467533,1,0,1.2324135793469373,1.155367549733604,1196.0,0.5501066356771332,0.07060640984845366,0,0,-0.467840423399015,0,0
2026-03-25,1.302880658436214,1215.0,1583.0,1270.0,276.0,1506.0,1233.0,273.0,657.0,132.0,84.0,174.0,2.0,9.0,10.0,18.0,17.0,11.0,19.0,0.0,284.0,0.0,236.0,111.0,347.0,471.0,37.0,508.0,60.0,173.0,73.0,11.0,33.0,4.0,23.0,7.0,42.0,557.0,26.0,85.0,4.0,34.0,0.0,78.0,10.0,44.0,0,0,0,2,3,1,Wednesday,13,1.2395061728395065,0.2009132420091324,0.1812749003984063,0.8187250996015937,0,0,,1.1894298045448537,539.2857142857143,0.10298775397929408,1.2933976248142693,0,0,-0.42427836679563435,0,0
2026-03-26,1.1868647380766224,1279.0,1518.0,1140.0,327.0,1471.0,1143.0,328.0,703.0,133.0,81.0,230.0,2.0,6.0,9.0,16.0,23.0,12.0,15.0,0.0,336.0,15.0,303.0,35.0,338.0,463.0,78.0,541.0,73.0,133.0,82.0,4.0,39.0,5.0,29.0,3.0,13.0,494.0,33.0,87.0,6.0,36.0,0.0,96.0,14.0,23.0,0,0,0,3,3,1,Thursday,13,1.150117279124316,0.1891891891891892,0.2229775662814412,0.7770224337185588,0,0,,1.2038438759015553,701.0,0.05636171818566816,1.171466876883205,0,0,-0.4249539978714655,0,0
2026-03-27,1.0313757039420757,1243.0,1282.0,917.0,259.0,1259.0,919.0,340.0,648.0,136.0,75.0,170.0,2.0,9.0,4.0,16.0,22.0,11.0,13.0,0.0,266.0,0.0,291.0,29.0,320.0,463.0,22.0,485.0,73.0,140.0,87.0,17.0,43.0,5.0,25.0,0.0,8.0,272.0,37.0,86.0,5.0,35.0,0.0,104.0,13.0,18.0,0,0,0,4,3,1,Friday,13,1.012872083668544,0.2098765432098765,0.2700555996822875,0.7299444003177125,0,0,1.134165178544122,1.207363276616382,868.2857142857143,0.3010224198018667,0.4329149179864731,0,0,-0.406699323579395,0,0
2026-03-28,1.5293466223698782,903.0,1381.0,903.0,377.0,1351.0,1053.0,298.0,680.0,144.0,90.0,276.0,0.0,10.0,14.0,14.0,21.0,7.0,24.0,0.0,384.0,0.0,295.0,48.0,343.0,468.0,40.0,508.0,79.0,139.0,65.0,14.0,45.0,6.0,28.0,8.0,9.0,246.0,38.0,88.0,6.0,40.0,0.0,107.0,14.0,22.0,0,1,0,5,3,1,Saturday,13,1.496124031007752,0.2117647058823529,0.2205773501110288,0.7794226498889711,1,0,1.2246548916600295,1.2323835016882263,1048.857142857143,0.5604486145813085,0.7534185982624134,0,0,-0.49138264029363776,0,0
2026-03-29,2.976890756302521,476.0,1417.0,1468.0,111.0,1435.0,1325.0,110.0,462.0,68.0,23.0,72.0,0.0,0.0,2.0,10.0,5.0,4.0,2.0,0.0,113.0,63.0,352.0,24.0,376.0,290.0,51.0,341.0,37.0,162.0,60.0,6.0,25.0,0.0,12.0,9.0,19.0,799.0,10.0,102.0,0.0,9.0,0.0,59.0,1.0,8.0,0,1,0,6,3,1,Sunday,13,3.014705882352941,0.1471861471861472,0.0766550522648083,0.9233449477351916,1,0,1.582665089798612,1.321796358925318,1232.571428571429,3.267554681048094,1.0460523932969674,1,1,-0.5585434186363584,1,1
2026-03-30,1.0909090909090908,1364.0,1488.0,1096.0,331.0,1468.0,1134.0,334.0,708.0,115.0,94.0,230.0,0.0,13.0,9.0,16.0,22.0,12.0,22.0,0.0,341.0,0.0,337.0,84.0,421.0,507.0,37.0,544.0,69.0,163.0,61.0,8.0,36.0,4.0,29.0,3.0,0.0,371.0,38.0,75.0,7.0,44.0,0.0,85.0,11.0,18.0,0,0,1,0,3,1,Monday,14,1.0762463343108504,0.1624293785310734,0.2275204359673024,0.7724795640326976,0,0,1.4982619638839847,1.3101727747210885,1355.857142857143,0.18804805610879213,1.1610156699176852,0,0,-0.416992859419156,0,0
2026-03-31,1.0244956772334295,1388.0,1422.0,1100.0,364.0,1397.0,1038.0,359.0,644.0,122.0,87.0,256.0,11.0,8.0,10.0,15.0,24.0,12.0,18.0,0.0,375.0,54.0,330.0,54.0,384.0,444.0,44.0,488.0,71.0,150.0,84.0,10.0,37.0,5.0,29.0,8.0,640.0,-247.0,35.0,74.0,7.0,40.0,0.0,90.0,14.0,18.0,0,0,0,1,3,1,Tuesday,14,1.0064841498559078,0.1894409937888198,0.2569792412312097,0.7430207587687903,0,0,1.4280079904514025,1.2600657924593377,1412.428571428571,0.3124098957953784,0.9136704384003835,0,0,-0.3929095146594382,0,0
2026-04-01,1.17088122605364,1305.0,1528.0,1193.0,563.0,1558.0,1195.0,363.0,625.0,106.0,85.0,470.0,1.0,8.0,9.0,15.0,21.0,15.0,17.0,0.0,580.0,64.0,296.0,52.0,348.0,440.0,27.0,467.0,105.0,166.0,85.0,14.0,71.0,4.0,30.0,4.0,18.0,453.0,37.0,80.0,6.0,35.0,0.0,73.0,12.0,20.0,0,0,0,2,4,2,Wednesday,14,1.1938697318007665,0.1696,0.2329910141206675,0.7670089858793325,0,0,1.4214884988744394,1.2692672934566542,1419.857142857143,0.021633768167801416,1.474551878883279,0,0,-0.4264132208527321,0,0
2026-04-02,1.1345987920621226,1159.0,1315.0,956.0,354.0,1329.0,972.0,357.0,629.0,125.0,83.0,252.0,5.0,7.0,10.0,16.0,22.0,11.0,17.0,0.0,364.0,60.0,284.0,70.0,354.0,427.0,-11.0,416.0,106.0,173.0,76.0,17.0,71.0,5.0,30.0,6.0,19.0,205.0,34.0,138.0,7.0,34.0,0.0,75.0,12.0,38.0,0,0,0,3,4,2,Thursday,14,1.1466781708369285,0.1987281399046105,0.2686230248306998,0.7313769751693002,0,0,1.4209971976905271,1.273005466186674,1399.571428571429,0.062492458454805326,0.6767764138486015,0,0,-0.397089490208686,0,0
2026-04-03,1.512931034482759,928.0,1404.0,1069.0,347.0,1407.0,1061.0,346.0,703.0,95.0,90.0,241.0,2.0,9.0,11.0,17.0,22.0,11.0,20.0,0.0,357.0,0.0,291.0,68.0,359.0,459.0,66.0,525.0,93.0,261.0,80.0,4.0,59.0,5.0,29.0,0.0,20.0,252.0,36.0,86.0,6.0,50.0,0.0,82.0,16.0,-3.0,0,0,0,4,4,2,Friday,14,1.5161637931034482,0.1351351351351351,0.2459132906894101,0.7540867093105899,1,0,1.492896013324085,1.2922873718054666,1420.7142857142858,0.5961725773639236,0.9485077949521161,0,0,-0.44810972081291023,0,0
2026-04-04,3.2443324937027707,397.0,1288.0,957.0,242.0,1191.0,952.0,239.0,451.0,79.0,59.0,166.0,1.0,5.0,9.0,13.0,13.0,5.0,14.0,0.0,246.0,0.0,176.0,25.0,201.0,317.0,7.0,324.0,77.0,286.0,61.0,15.0,54.0,3.0,20.0,9.0,105.0,203.0,22.0,78.0,3.0,22.0,2.0,55.0,10.0,14.0,0,1,0,5,4,2,Saturday,14,3.0,0.1751662971175166,0.2006717044500419,0.799328295549958,1,0,1.7077354374658344,1.376077862923544,1397.857142857143,3.241339180517037,0.19602089343469115,1,0,-0.5422638951978241,1,0
2026-04-05,4.098484848484849,264.0,1082.0,983.0,91.0,1056.0,967.0,89.0,452.0,49.0,12.0,64.0,0.0,0.0,1.0,8.0,1.0,1.0,1.0,0.0,93.0,0.0,475.0,51.0,526.0,335.0,33.0,368.0,47.0,147.0,116.0,0.0,37.0,5.0,5.0,4.0,10.0,133.0,8.0,64.0,1.0,9.0,2.0,39.0,3.0,6.0,0,1,0,6,4,2,Sunday,14,4.0,0.1084070796460177,0.084280303030303,0.915719696969697,1,0,1.8484917399868428,1.5014838269034672,1343.7142857142858,5.023993216628939,0.27428342001369943,1,1,-0.6390396580484049,1,1
2026-04-06,1.034281546316557,1371.0,1418.0,1098.0,311.0,1463.0,1143.0,320.0,638.0,69.0,81.0,215.0,2.0,8.0,10.0,16.0,18.0,11.0,18.0,0.0,320.0,0.0,278.0,70.0,348.0,477.0,38.0,515.0,62.0,248.0,79.0,5.0,28.0,5.0,29.0,0.0,27.0,329.0,28.0,62.0,5.0,28.0,0.0,36.0,15.0,18.0,0,0,1,0,4,2,Monday,15,1.0671043034281549,0.1081504702194357,0.2187286397812713,0.7812713602187287,0,0,1.8471857355750296,1.487337365157024,1343.0,0.2043451343600889,1.143596991641819,0,0,-0.4128954780406671,0,0
2026-04-07,1.0817655571635312,1382.0,1495.0,1092.0,353.0,1451.0,1097.0,354.0,568.0,46.0,84.0,259.0,1.0,8.0,9.0,15.0,22.0,13.0,17.0,0.0,363.0,0.0,379.0,65.0,444.0,436.0,20.0,456.0,35.0,203.0,64.0,13.0,0.0,5.0,30.0,6.0,43.0,284.0,25.0,61.0,7.0,19.0,0.0,11.0,16.0,19.0,0,0,0,1,4,2,Tuesday,15,1.0499276410998553,0.0809859154929577,0.2439696760854583,0.7560303239145417,0,1,1.8533919486098789,1.4364624706140114,1350.7142857142858,0.23496518078656348,1.1017921637797397,0,0,-0.44863598249750847,0,0
2026-04-08,1.179245283018868,1378.0,1625.0,1227.0,372.0,1556.0,1192.0,364.0,563.0,56.0,87.0,273.0,2.0,9.0,9.0,16.0,22.0,13.0,18.0,0.0,390.0,0.0,318.0,58.0,376.0,402.0,37.0,439.0,53.0,232.0,57.0,14.0,27.0,3.0,23.0,9.0,234.0,252.0,25.0,68.0,6.0,25.0,0.0,32.0,10.0,14.0,0,0,0,2,4,2,Wednesday,15,1.1291727140783745,0.0994671403197158,0.2339331619537275,0.7660668380462725,0,1,1.84414951750668,1.4465653594021577,1350.428571428571,0.09369863159942393,1.4675844075729325,0,0,-0.46425419838763665,0,0
2026-04-09,0.992154065620542,1402.0,1391.0,1023.0,355.0,1410.0,1048.0,362.0,563.0,60.0,86.0,262.0,3.0,9.0,9.0,14.0,21.0,15.0,18.0,0.0,373.0,0.0,317.0,68.0,385.0,408.0,29.0,437.0,144.0,229.0,61.0,8.0,114.0,5.0,25.0,0.0,40.0,156.0,25.0,77.0,6.0,18.0,0.0,30.0,13.0,17.0,0,0,0,3,4,2,Thursday,15,1.005706134094151,0.1065719360568383,0.2567375886524822,0.7432624113475177,0,0,1.8240106551148547,1.4469297613926562,1362.0,0.3137968287332327,0.958959001917636,0,0,-0.43483220861621086,0,0
2026-04-10,1.1003663003663005,1365.0,1502.0,1080.0,390.0,1471.0,1083.0,388.0,540.0,39.0,81.0,288.0,3.0,2.0,10.0,18.0,23.0,16.0,12.0,0.0,409.0,0.0,304.0,86.0,390.0,389.0,40.0,429.0,155.0,226.0,58.0,11.0,133.0,4.0,18.0,0.0,253.0,-13.0,6.0,78.0,6.0,21.0,0.0,13.0,12.0,14.0,0,0,0,4,4,2,Friday,15,1.0776556776556776,0.0722222222222222,0.2637661454792658,0.7362338545207342,0,1,1.761366638622316,1.4503845481119058,1371.142857142857,0.18553568450686841,1.171466876883205,0,0,-0.46824074305605545,0,0
2026-04-13,0.8813438170121516,1399.0,1233.0,913.0,326.0,1317.0,970.0,347.0,619.0,54.0,89.0,204.0,2.0,8.0,9.0,25.0,19.0,11.0,17.0,0.0,332.0,0.0,383.0,81.0,464.0,430.0,91.0,521.0,119.0,152.0,82.0,0.0,99.0,2.0,18.0,7.0,311.0,-222.0,5.0,65.0,5.0,23.0,0.0,27.0,7.0,19.0,0,0,1,0,4,2,Monday,16,0.9413867047891352,0.0872374798061389,0.2634776006074411,0.7365223993925588,0,1,1.0407697743434388,1.472421787112376,1277.571428571429,0.4284561189842334,0.6349715859865224,0,0,-0.4402323347285242,0,0
2026-04-14,1.1214953271028036,1391.0,1560.0,1144.0,400.0,1501.0,1117.0,384.0,641.0,42.0,86.0,305.0,1.0,8.0,9.0,15.0,23.0,14.0,17.0,0.0,420.0,0.0,358.0,69.0,427.0,462.0,26.0,488.0,122.0,227.0,80.0,15.0,93.0,5.0,23.0,4.0,244.0,25.0,27.0,88.0,7.0,31.0,0.0,18.0,14.0,8.0,0,0,0,1,4,2,Tuesday,16,1.0790797987059668,0.0655226209048362,0.2558294470353098,0.7441705529646903,0,1,1.046600205864661,1.4331346767619613,1284.7142857142858,0.18299696936865842,1.2759789465384028,0,0,-0.4675009343162761,0,0
2026-04-15,1.1567607726597329,1346.0,1557.0,1144.0,382.0,1621.0,1214.0,407.0,647.0,89.0,95.0,277.0,2.0,10.0,11.0,16.0,23.0,14.0,21.0,0.0,401.0,0.0,350.0,85.0,435.0,474.0,15.0,489.0,35.0,293.0,82.0,12.0,0.0,5.0,30.0,3.0,213.0,70.0,31.0,85.0,7.0,35.0,0.0,52.0,17.0,19.0,0,0,0,2,4,2,Wednesday,16,1.2043090638930165,0.1375579598145286,0.2510795805058606,0.7489204194941395,0,0,1.0616274758275894,1.449535772152346,1294.0,0.0402434856563634,1.6940272251591946,0,0,-0.4286860419840123,0,0
2026-04-16,1.289876183539694,1373.0,1771.0,1323.0,412.0,1719.0,1315.0,404.0,664.0,130.0,90.0,307.0,4.0,9.0,9.0,17.0,23.0,14.0,18.0,0.0,432.0,0.0,335.0,57.0,392.0,471.0,21.0,492.0,47.0,307.0,75.0,12.0,0.0,9.0,38.0,2.0,2.0,486.0,45.0,86.0,7.0,34.0,0.0,79.0,28.0,23.0,0,0,0,3,4,2,Thursday,16,1.2520029133284778,0.1957831325301204,0.2350203606748109,0.7649796393251891,0,0,1.110886831674455,1.461337961846315,1338.142857142857,0.1252651188502018,2.0354333193661747,0,0,-0.4891643960462206,0,0
2026-04-17,1.3371522094926351,1222.0,1634.0,1221.0,380.0,1592.0,1212.0,380.0,657.0,119.0,94.0,269.0,2.0,9.0,12.0,18.0,22.0,12.0,21.0,0.0,399.0,0.0,300.0,68.0,368.0,410.0,68.0,478.0,80.8,334.0,76.0,13.0,33.0,10.0,37.8,5.0,0.0,344.20000000000005,46.0,87.0,7.0,39.0,0.0,61.60000000000582,27.0,30.39999999999418,0,0,0,4,4,2,Friday,16,1.3027823240589198,0.1811263318112633,0.2386934673366834,0.7613065326633166,0,0,1.155912160955103,1.4528134047287586,1355.428571428571,0.2157872403402083,1.59299889115917,0,0,-0.4378261953117464,0,0
2026-04-20,0.9156118143459916,1422.0,1302.0,882.0,378.0,1331.0,928.0,403.0,627.0,126.0,81.0,287.0,2.0,7.0,10.0,15.0,19.0,13.0,17.0,8.0,385.0,0.0,263.0,95.0,358.0,437.0,39.0,476.0,116.0,193.0,63.0,6.0,78.0,8.0,30.0,5.0,6.0,134.0,25.0,79.0,6.0,25.0,16.0,81.0,21.0,23.0,0,0,1,0,4,2,Monday,17,0.9360056258790436,0.200956937799043,0.3027798647633358,0.6972201352366642,0,0,1.1548359451730847,1.43034350130051,1423.571428571429,0.438048721021945,0.6837438851589481,0,0,-0.405371365721779,0,0
2026-04-21,0.9083750894774516,1397.0,1269.0,852.0,388.0,1244.0,858.0,386.0,646.0,134.0,84.0,294.0,2.0,7.0,9.0,16.0,23.0,13.0,16.0,8.0,396.0,0.0,323.0,62.0,385.0,462.0,70.0,532.0,125.0,146.0,77.0,13.0,81.0,8.0,36.0,3.0,7.0,95.0,15.0,82.0,6.0,11.0,0.0,83.0,23.0,27.0,0,0,0,1,4,2,Tuesday,17,0.8904795991410165,0.2074303405572755,0.3102893890675241,0.6897106109324759,0,0,1.117115905260095,1.4078491720438644,1386.857142857143,0.5192058763346273,0.38065888315887414,0,0,-0.42109231252448237,0,0
2026-04-22,1.1017316017316017,1386.0,1527.0,1065.0,434.0,1491.0,1055.0,436.0,571.0,135.0,107.0,310.92,3.0,12.0,15.0,16.0,23.0,14.0,27.0,13.08,442.68,0.0,314.0,82.0,396.0,437.0,13.0,450.0,119.30000000000582,200.0,85.0,11.0,78.10000000000582,7.0,34.2,4.0,6.0,243.69999999999413,15.0,81.0,7.0,18.0,0.0,81.40000000002328,20.0,33.59999999997672,0,0,0,2,4,2,Wednesday,17,1.0757575757575757,0.2364273204903677,0.2924211938296445,0.7075788061703555,0,0,1.0914056076330063,1.394565508192413,1368.2857142857142,0.18891934351647144,1.2411415899866702,0,0,-0.49520763303325555,0,0
