Date,KPI EAU,TCM,E_Appro Facturation,EI_Facturation,EP_Facturation,E. Appro Looker,EI_Looker,EP_Looker,ED_Total,EOR_Total,EP Cantines,EP Sanitaires,EP IFMIA,BD NORD,BD SUD,ZC,U3,Bât X,AEB,AKP,EP Arrosage,Rejet sanitaires,Rejet STEP,EI_TTS CATA_PA,EI_Application PA,EI_Peinture,ED_TTS CATA_PA,ED_Application PA,ED_Peinture,EI_TARs,EI_STEP,EI_AEB,EI_TC,EI _TOUR UE,EI_BD1&2,EI _ST,EI_Bouclier,EI_Incendie,EI Autres Process,ED_PB,ED_AEB,ED_TC,ED_BD,ED_UE,EOR TAR UE,EOR TAR BD,EOR TAR ST,is_arret,is_weekend,is_lundi,jour_semaine,mois,trimestre,nom_jour,semaine_annee,KPI_m3_veh,ratio_EOR_ED,taux_EP,taux_EI,anomalie_kpi,anomalie_recyclage,KPI_MA7,KPI_MA30,conso_MA7
2026-01-01,,0.0,724.0,614.0,89.0,590.0,590.0,,450.0,88.0,14.0,74.0,1.0,0.0,1.0,11.0,0.0,1.0,1.0,0.0,0.0,91.0,0.0,116.0,26.0,142.0,100.0,66.0,166.0,68.0,128.0,72.0,3.0,8.0,60.0,0.0,0.0,113.0,88.0,0.0,28.0,0.0,2.0,10.0,27.0,61.0,0.0,1,0,0,3,1,1,Thursday,1,,0.19555555555555557,,1.0,0,0,,,
2026-01-02,,0.0,784.0,681.0,120.0,660.0,608.0,52.0,220.0,60.0,18.0,102.0,0.0,1.0,4.0,6.0,3.0,1.0,2.0,1.0,0.0,122.0,0.0,96.0,52.0,148.0,100.0,66.0,166.0,29.0,218.0,0.0,45.0,13.0,14.0,2.0,0.0,156.0,85.0,0.0,15.0,0.0,8.0,0.0,44.0,14.0,2.0,1,0,0,4,1,1,Friday,1,,0.2727272727272727,0.07878787878787878,0.9212121212121213,0,0,,,
2026-01-03,,0.0,783.0,580.0,140.0,732.0,590.0,142.0,312.0,80.0,31.0,109.0,0.0,4.0,6.0,11.0,2.0,3.0,3.0,2.0,0.0,142.0,0.0,66.0,15.0,81.0,237.0,66.0,303.0,43.0,219.0,0.0,69.0,18.0,24.0,1.0,0.0,81.0,87.0,4.0,71.0,4.0,9.0,0.0,55.0,24.0,1.0,1,1,0,5,1,1,Saturday,1,,0.2564102564102564,0.19398907103825136,0.8060109289617486,0,0,,,660.6666666666666
2026-01-04,,0.0,787.0,705.0,80.0,759.0,683.0,76.0,100.0,83.0,7.0,73.0,0.0,0.0,0.0,6.0,1.0,0.0,0.0,0.0,0.0,81.0,0.0,1.0,11.0,12.0,52.0,66.0,118.0,67.0,290.0,0.0,6.0,8.0,59.0,0.0,0.0,36.0,294.0,0.0,3.0,0.0,18.0,0.0,24.0,59.0,0.0,1,1,0,6,1,1,Sunday,1,,0.83,0.10013175230566534,0.8998682476943346,0,0,,,685.25
2026-01-05,24.02222222,45.0,1081.0,780.0,254.0,1103.0,829.0,274.0,574.0,67.0,69.0,183.0,2.0,7.0,7.0,14.0,17.0,10.0,7.0,7.0,0.0,259.0,1.0,296.0,118.0,414.0,413.0,66.0,479.0,29.0,155.0,0.0,75.0,22.0,4.0,3.0,0.0,15.0,92.0,8.0,63.0,8.0,61.0,0.0,59.0,5.0,3.0,1,0,1,0,1,1,Monday,2,,0.11672473867595819,0.2484134179510426,0.7515865820489573,0,0,,,768.8
2026-01-06,1.228654124,691.0,849.0,458.0,348.0,776.0,441.0,335.0,672.0,88.0,82.0,263.0,3.0,9.0,9.0,15.0,19.0,12.0,9.0,9.0,0.0,355.0,0.0,198.0,62.0,260.0,502.0,95.0,597.0,58.0,31.0,72.0,84.0,20.0,33.0,5.0,0.0,0.0,-47.0,12.0,60.0,12.0,60.0,0.0,50.0,33.0,5.0,0,0,0,1,1,1,Tuesday,2,1.1230101302460203,0.13095238095238096,0.43170103092783507,0.5682989690721649,0,0,,,770.0
2026-01-07,1.073170732,738.0,792.0,456.0,309.0,809.0,481.0,328.0,729.0,38.0,89.0,218.0,2.0,9.0,10.0,15.0,23.0,13.0,10.0,9.0,0.0,315.0,0.0,209.0,63.0,272.0,465.0,96.0,561.0,44.0,38.0,72.0,81.0,22.0,18.0,4.0,5.0,21.0,-77.0,11.0,65.0,11.0,55.0,0.0,53.0,-19.0,4.0,0,0,0,2,1,1,Wednesday,2,1.0962059620596205,0.05212620027434842,0.4054388133498146,0.5945611866501854,0,1,,,775.5714285714286
2026-01-08,1.027472527,910.0,935.0,605.0,312.0,910.0,599.0,311.0,642.0,90.0,81.0,230.0,1.0,8.0,9.0,14.0,22.0,11.0,9.0,8.0,0.0,318.0,0.0,280.0,58.0,338.0,457.0,16.0,473.0,47.0,56.0,72.0,94.0,31.0,11.0,5.0,4.0,0.0,-6.0,15.0,68.0,15.0,60.0,0.0,73.0,12.0,5.0,0,0,0,3,1,1,Thursday,2,1.0,0.14018691588785046,0.34175824175824177,0.6582417582417582,0,0,1.0730720307685468,,821.2857142857143
2026-01-09,1.339622642,742.0,994.0,671.0,347.0,934.0,633.0,301.0,575.0,81.0,86.0,259.0,2.0,10.0,10.0,15.0,21.0,10.0,10.0,10.0,0.0,353.0,0.0,222.0,83.0,305.0,410.0,2.0,412.0,38.0,80.0,72.0,98.0,29.0,4.0,5.0,0.0,62.0,16.0,12.0,72.0,12.0,56.0,0.0,71.0,5.0,5.0,0,0,0,4,1,1,Friday,2,1.2587601078167117,0.1408695652173913,0.3222698072805139,0.6777301927194861,0,0,1.119494050030588,,860.4285714285714
2026-01-10,1.091300603,1161.0,1267.0,1008.0,242.0,1325.0,1048.0,277.0,614.0,91.0,68.0,174.0,0.0,7.0,8.0,13.0,19.0,6.0,8.0,7.0,0.0,246.0,0.0,299.0,61.0,360.0,425.0,14.0,439.0,47.0,296.0,0.0,96.0,33.0,8.0,6.0,4.0,27.0,178.0,15.0,76.0,15.0,58.0,0.0,77.0,8.0,6.0,0,1,0,5,1,1,Saturday,2,1.1412575366063737,0.1482084690553746,0.2090566037735849,0.7909433962264151,0,0,1.1238467473457452,,945.1428571428571
2026-01-11,,0.0,1094.0,918.0,86.0,970.0,893.0,77.0,220.0,16.0,11.0,75.0,0.0,0.0,1.0,6.0,2.0,1.0,0.0,1.0,0.0,87.0,0.0,282.0,7.0,289.0,187.0,24.0,211.0,3.0,223.0,5.0,139.0,7.0,-5.0,1.0,7.0,22.0,230.0,6.0,18.0,6.0,15.0,1.0,21.0,-6.0,1.0,1,1,0,6,1,1,Sunday,2,,0.07272727272727272,0.07938144329896907,0.9206185567010309,0,1,1.1238467473457452,,975.2857142857143
2026-01-12,0.9282945736,1032.0,958.0,657.0,257.0,958.0,682.0,276.0,591.0,112.0,73.0,182.0,2.0,7.0,8.0,14.0,17.0,12.0,8.0,7.0,0.0,262.0,0.0,230.0,58.0,288.0,450.0,45.0,495.0,70.0,105.0,72.0,92.0,29.0,36.0,5.0,0.0,38.0,-8.0,12.0,49.0,12.0,12.0,0.0,70.0,37.0,5.0,0,0,1,0,1,1,Monday,3,0.9282945736434108,0.1895093062605753,0.2881002087682672,0.7118997912317327,0,0,1.091254718395356,,954.5714285714286
2026-01-13,0.8590192644,1142.0,981.0,622.0,334.0,959.0,626.0,333.0,717.0,76.0,82.0,249.0,3.0,8.0,9.0,13.0,22.0,13.0,9.0,8.0,0.0,340.0,0.0,269.0,55.0,324.0,511.0,94.0,605.0,28.0,63.0,72.0,86.0,36.0,-14.0,6.0,10.0,44.0,-5.0,19.0,51.0,19.0,12.0,0.0,84.0,-14.0,6.0,0,0,0,1,1,1,Tuesday,3,0.839754816112084,0.10599721059972106,0.3472367049009385,0.6527632950990615,0,0,1.0440454993730335,1.0553261609263174,980.7142857142857
2026-01-14,,0.0,1072.0,910.0,135.0,1055.0,937.0,118.0,281.0,53.0,27.0,108.0,0.0,2.0,2.0,10.0,8.0,1.0,2.0,2.0,0.0,137.0,0.0,84.0,10.0,94.0,202.0,21.0,223.0,28.0,135.0,0.0,71.0,16.0,9.0,3.0,0.0,523.0,59.0,4.0,18.0,4.0,20.0,1.0,41.0,9.0,3.0,1,0,0,2,1,1,Wednesday,3,,0.18861209964412812,0.11184834123222749,0.8881516587677725,0,0,1.0336134068357161,1.0553261609263174,1015.8571428571429
2026-01-15,0.8566581849,1179.0,1010.0,739.0,239.0,962.0,704.0,258.0,565.0,115.0,68.0,169.0,2.0,7.0,8.0,11.0,15.0,12.0,8.0,7.0,0.0,243.0,0.0,252.0,102.0,354.0,411.0,61.0,472.0,56.0,83.0,72.0,99.0,41.0,12.0,3.0,2.0,10.0,63.0,11.0,47.0,11.0,12.0,1.0,99.0,13.0,3.0,0,0,0,3,1,1,Thursday,3,0.8159457167090755,0.20353982300884957,0.2681912681912682,0.7318087318087318,0,0,0.9968025501775312,1.025403605399162,1023.2857142857143
2026-01-16,0.8130921619,1161.0,944.0,582.0,314.0,897.0,585.0,312.0,588.0,77.0,83.0,229.0,2.0,8.0,9.0,15.0,22.0,12.0,9.0,8.0,0.0,320.0,0.0,283.0,61.0,344.0,440.0,49.0,489.0,38.0,31.0,72.0,95.0,28.0,5.0,5.0,5.0,13.0,-16.0,13.0,50.0,13.0,12.0,0.0,67.0,5.0,5.0,0,0,0,4,1,1,Friday,3,0.772609819121447,0.13095238095238096,0.34782608695652173,0.6521739130434783,0,0,0.8995724924384781,0.9973154069238603,1018.0
2026-01-17,0.7400318979,1254.0,928.0,602.0,308.0,860.0,571.0,289.0,625.0,72.0,72.0,239.0,-3.0,9.0,9.0,15.0,12.0,9.0,9.0,9.0,0.0,314.0,-1.0,314.0,44.0,358.0,453.0,22.0,475.0,35.0,33.0,10.0,79.0,25.0,5.0,5.0,0.0,20.0,67.0,13.0,51.0,13.0,62.0,0.0,61.0,6.0,5.0,0,1,0,5,1,1,Saturday,3,0.6858054226475279,0.1152,0.336046511627907,0.663953488372093,0,0,0.8084820696467091,0.9661644084962271,951.5714285714286
2026-01-18,52.06666667,15.0,781.0,637.0,126.0,750.0,627.0,123.0,451.0,34.0,40.0,85.0,1.0,2.0,3.0,7.0,22.0,1.0,3.0,2.0,0.0,128.0,0.0,403.0,17.0,420.0,307.0,13.0,320.0,17.0,41.0,0.0,39.0,13.0,3.0,1.0,6.0,23.0,91.0,8.0,72.0,8.0,32.0,0.0,30.0,3.0,1.0,1,1,0,6,1,1,Sunday,3,,0.07538802660753881,0.164,0.836,0,1,0.8084820696467091,0.9661644084962271,920.1428571428571
2026-01-19,0.7168,1250.0,896.0,670.0,237.0,947.0,695.0,252.0,702.0,65.0,55.0,181.0,1.0,6.0,7.0,11.0,5.0,13.0,7.0,6.0,0.0,241.0,0.0,264.0,112.0,376.0,490.0,78.0,568.0,30.0,82.0,72.0,99.0,24.0,2.0,4.0,8.0,22.0,-19.0,16.0,71.0,16.0,12.0,0.0,59.0,2.0,4.0,0,0,1,0,1,1,Monday,4,0.7576,0.09259259259259259,0.26610348468849,0.73389651531151,0,1,0.7743431549180269,0.9472040077238428,918.5714285714286
2026-01-20,0.96812749,1255.0,1215.0,841.0,338.0,1134.0,812.0,322.0,684.0,94.0,105.0,232.0,1.0,8.0,12.0,16.0,34.0,15.0,10.0,10.0,0.0,344.0,0.0,319.0,70.0,389.0,462.0,92.0,554.0,51.0,123.0,72.0,95.0,32.0,14.0,5.0,4.0,15.0,92.0,17.0,73.0,17.0,12.0,0.0,75.0,14.0,5.0,0,0,0,1,1,1,Tuesday,4,0.9035856573705179,0.13742690058479531,0.2839506172839506,0.7160493827160493,0,0,0.7871093231697136,0.9435691451943992,943.5714285714286
2026-01-21,0.8938053097,1243.0,1111.0,758.0,334.0,1100.0,764.0,336.0,604.0,89.0,93.0,240.0,1.0,9.0,10.0,18.0,22.0,15.000000000000005,10.0,9.0,0.0,340.0,0.0,292.0,62.0,354.0,454.0,40.0,494.0,45.0,134.0,72.0,78.0,32.0,8.0,5.0,4.0,15.0,56.0,14.0,59.0,14.0,12.0,0.0,76.0,8.0,5.0,0,0,0,2,1,1,Wednesday,4,0.8849557522123894,0.14735099337748345,0.3054545454545455,0.6945454545454546,0,0,0.803417061343493,0.9390604226573215,950.0
2026-01-22,1.33042394,802.0,1067.0,704.0,277.0,982.0,705.0,277.0,508.0,82.0,70.0,205.0,2.0,5.0,8.0,13.0,21.0,10.0,7.0,6.0,0.0,282.0,0.0,194.0,58.0,252.0,367.0,44.0,411.0,40.0,147.0,72.0,92.0,30.0,6.0,4.0,4.0,18.0,79.0,10.0,54.0,10.0,12.0,0.0,71.0,7.0,4.0,0,0,0,3,1,1,Thursday,4,1.2244389027431422,0.16141732283464566,0.2820773930753564,0.7179226069246436,0,0,0.8714992590158374,0.9594445998063087,952.8571428571429
2026-01-23,2.203804348,368.0,811.0,537.0,266.0,821.0,552.0,269.0,509.0,79.0,79.0,186.0,1.0,7.0,7.0,16.0,24.0,11.0,7.0,7.0,0.0,271.0,0.0,189.0,37.0,226.0,359.0,25.0,384.0,39.0,85.0,80.0,16.0,28.0,7.0,4.0,3.0,26.0,62.0,10.0,52.0,10.0,38.0,0.0,68.0,7.0,4.0,0,0,0,4,1,1,Friday,4,2.2309782608695654,0.15520628683693516,0.3276492082825822,0.6723507917174177,1,0,1.1145606659738572,1.044213510543859,942.0
2026-01-24,0.6473755047,743.0,481.0,287.0,162.0,444.0,282.0,162.0,212.0,45.0,36.0,126.0,0.0,2.0,3.0,6.0,18.0,2.0,3.0,2.0,0.0,165.0,0.0,55.0,41.0,96.0,156.0,2.0,158.0,20.0,40.0,29.0,7.0,16.0,2.0,2.0,0.0,23.0,72.0,5.0,14.0,5.0,20.0,3.0,40.0,2.0,3.0,0,1,0,5,1,1,Saturday,4,0.5975773889636609,0.21226415094339623,0.36486486486486486,0.6351351351351351,0,0,1.0998559936932126,1.0162987529450966,882.5714285714286
2026-01-25,36.26086957,23.0,834.0,784.0,64.0,831.0,771.0,60.0,197.0,21.0,10.0,54.0,0.0,0.0,0.0,8.0,1.0,1.0,0.0,0.0,0.0,65.0,0.0,373.0,12.0,385.0,162.0,16.0,178.0,10.0,120.0,109.0,0.0,8.0,1.0,1.0,0.0,15.0,145.0,5.0,15.0,5.0,14.0,1.0,19.0,1.0,1.0,1,1,0,6,1,1,Sunday,4,,0.1065989847715736,0.07220216606498195,0.927797833935018,0,0,1.0998559936932126,1.0162987529450966,894.1428571428571
2026-01-26,1.225846926,797.0,977.0,724.0,242.0,1015.0,766.0,249.0,488.0,83.0,60.0,180.0,2.0,5.0,7.0,12.0,15.0,9.0,6.0,6.0,0.0,246.0,0.0,228.0,30.0,258.0,388.0,124.0,512.0,49.0,192.0,56.0,15.0,24.0,12.0,13.0,3.0,0.0,151.0,8.0,39.0,8.0,39.0,0.0,58.0,12.0,13.0,0,0,1,0,1,1,Monday,5,1.273525721455458,0.17008196721311475,0.24532019704433497,0.7546798029556651,0,0,1.1858436139357889,1.031429751092765,903.8571428571429
2026-01-27,,0.0,609.0,430.0,122.0,514.0,399.0,115.0,7.0,71.0,25.0,97.0,0.0,1.0,0.0,3.0,17.0,3.0,1.0,0.0,0.0,124.0,39.0,1.0,1.0,2.0,7.0,8.0,15.0,42.0,122.0,7.0,46.0,21.0,11.0,10.0,0.0,0.0,211.0,0.0,5.0,0.0,1.0,0.0,49.0,11.0,11.0,1,0,0,1,1,1,Tuesday,5,,10.142857142857142,0.2237354085603113,0.7762645914396887,0,0,1.2422952052488432,1.031429751092765,815.2857142857143
2026-01-28,,0.0,2.0,49.0,96.0,155.0,56.0,99.0,10.0,180.0,23.0,73.0,0.0,1.0,2.0,1.0,13.0,3.0,2.0,1.0,0.0,97.0,107.0,0.0,1.0,1.0,6.0,7.0,13.0,108.0,0.0,1.0,0.0,54.0,25.000000000000014,29.0,0.0,0.0,-61.0,0.0,2.0,0.0,1.0,0.0,125.99999999999999,25.000000000000014,29.0,1,0,0,2,1,1,Wednesday,5,,18.0,0.6387096774193548,0.36129032258064514,0,0,1.3316300685079565,1.031429751092765,680.2857142857143
2026-01-29,16.5,2.0,33.0,124.0,100.0,232.0,125.0,107.0,27.0,30.0,21.0,79.0,0.0,0.0,0.0,2.0,16.0,3.0,0.0,0.0,0.0,102.0,0.0,0.0,8.0,8.0,27.0,26.0,53.0,18.0,29.0,5.0,5.0,9.0,3.0,6.0,0.0,0.0,59.0,1.0,3.0,1.0,2.0,0.0,21.0,3.0,6.0,1,0,0,3,1,1,Thursday,5,,1.1111111111111112,0.46120689655172414,0.5387931034482759,0,0,1.367360457096228,1.031429751092765,573.1428571428571
2026-01-30,0.8711340206,388.0,338.0,299.0,116.0,457.0,338.0,119.0,162.0,37.0,33.0,83.0,0.0,1.0,2.0,5.0,17.0,5.0,2.0,1.0,0.0,118.0,0.0,33.0,25.0,58.0,123.0,71.0,194.0,22.0,0.0,46.0,0.0,11.0,5.0,6.0,0.0,0.0,173.0,3.0,29.0,3.0,13.0,0.0,26.0,5.0,6.0,0,0,0,4,1,1,Friday,5,1.1778350515463918,0.22839506172839505,0.2603938730853392,0.7396061269146609,0,0,1.0163127206551703,1.0395633788957443,521.1428571428571
2026-01-31,0.0,433.0,0.0,653.0,210.0,801.0,604.0,197.0,435.0,74.0,56.0,154.0,0.0,5.0,7.0,11.0,17.0,4.0,6.0,6.0,0.0,214.0,0.0,186.0,16.0,202.0,298.0,9.0,307.0,44.0,121.0,50.0,13.0,22.0,10.0,12.0,0.0,0.0,223.0,10.0,26.0,10.0,35.0,0.0,52.0,10.0,12.0,0,1,0,5,1,1,Saturday,5,1.8498845265588915,0.17011494252873563,0.2459425717852684,0.7540574282147315,1,0,1.4337484331869137,1.0822118603516995,572.1428571428571
2026-02-01,4.940133038,451.0,2228.0,936.0,95.0,945.0,868.0,77.0,444.0,33.0,24.0,55.0,0.0,2.0,2.0,10.0,4.0,2.0,2.0,2.0,0.0,97.0,0.0,332.0,48.0,380.0,274.0,92.0,366.0,37.0,50.0,35.0,4.0,0.0,33.0,4.0,3.0,400.0,27.0,7.0,70.0,1.0,39.0,0.0,0.0,47.0,-14.0,0,1,0,6,2,1,Sunday,5,2.0953436807095343,0.07432432432432433,0.08148148148148149,0.9185185185185185,1,1,1.599147245067569,1.1328684513695912,588.4285714285714
2026-02-02,0.8374306106,1261.0,1056.0,759.0,65.0,971.0,886.0,85.0,634.0,86.0,81.0,0.0,1.0,7.0,9.0,14.0,20.0,15.0,8.0,8.0,0.0,66.0,0.0,308.0,47.0,355.0,461.0,151.0,612.0,37.0,143.0,61.0,15.0,31.0,3.0,3.0,0.0,80.0,68.0,16.0,80.0,2.0,1.0,1.0,77.0,4.0,5.0,0,0,1,0,2,1,Monday,6,0.7700237906423474,0.13564668769716087,0.08753861997940268,0.9124613800205973,0,0,1.4732717623642912,1.1155901341921033,582.1428571428571
2026-02-03,1.297520661,847.0,1099.0,763.0,0.0,741.0,741.0,,616.0,76.0,73.0,0.0,0.0,7.0,7.0,14.0,20.0,11.0,7.0,7.0,0.0,0.0,0.0,291.0,57.0,348.0,438.0,151.0,589.0,36.0,118.0,63.0,13.0,30.0,2.0,4.0,3.0,15.0,167.0,15.0,78.0,15.0,70.0,0.0,42.0,2.0,32.0,0,0,0,1,2,1,Tuesday,6,0.8748524203069658,0.12337662337662338,,1.0,0,0,1.353587893952826,1.104647510833688,614.5714285714286
2026-02-04,,0.0,220.0,313.0,80.0,383.0,299.0,84.0,87.0,22.0,32.0,55.0,0.0,2.0,2.0,1.0,16.0,7.0,2.0,2.0,0.0,81.0,0.0,15.0,5.0,20.0,52.0,51.0,103.0,8.0,95.0,49.0,5.0,8.0,0.0,0.0,0.0,18.0,118.0,1.0,58.0,1.0,2.0,0.0,13.0,0.0,9.0,1,0,0,2,2,1,Wednesday,6,,0.25287356321839083,0.2193211488250653,0.7806788511749347,0,0,1.353587893952826,1.104647510833688,647.1428571428571
2026-02-05,,0.0,310.0,249.0,88.0,330.0,243.0,87.0,27.0,38.0,24.0,65.0,0.0,0.0,1.0,2.0,15.0,5.0,1.0,0.0,0.0,90.0,0.0,12.0,10.0,22.0,100.0,53.0,153.0,31.0,89.0,5.0,5.0,5.0,25.0,1.0,1.0,52.0,44.0,2.0,17.0,1.0,2.0,1.0,8.0,36.0,-6.0,1,0,0,3,2,1,Thursday,6,,1.4074074074074074,0.2636363636363636,0.7363636363636363,0,0,1.353587893952826,1.1037731003854818,661.1428571428571
2026-02-06,0.4475183076,1229.0,550.0,435.0,72.0,534.0,495.0,39.0,551.0,84.0,70.0,0.0,1.0,7.0,8.0,12.0,20.0,8.0,8.0,7.0,0.0,73.0,105.0,11.0,8.0,19.0,345.0,119.0,464.0,46.0,32.0,5.0,5.0,26.0,14.0,6.0,0.0,19.0,309.0,10.0,50.0,11.0,44.0,0.0,38.0,20.0,26.0,0,0,0,4,2,1,Friday,6,0.43449959316517495,0.15245009074410162,0.07303370786516854,0.9269662921348315,0,0,1.204920802276583,1.07226327329527,672.1428571428571
2026-02-07,0.6957186544,1308.0,910.0,599.0,0.0,693.0,681.0,12.0,611.0,89.0,84.0,0.0,0.0,8.0,10.0,16.0,21.0,11.0,9.0,9.0,0.0,0.0,0.0,309.0,78.0,387.0,460.0,13.0,473.0,45.0,38.0,56.0,5.0,29.0,2.0,14.0,3.0,15.0,50.0,16.0,62.0,1.0,59.0,0.0,71.0,10.0,8.0,0,1,0,5,2,1,Saturday,6,0.5298165137614679,0.14566284779050737,0.017316017316017316,0.9826839826839827,0,0,0.9409071997170981,1.0498735834743875,656.7142857142857
2026-02-08,2.482758621,435.0,1080.0,881.0,0.0,694.0,681.0,13.0,570.0,64.0,45.0,0.0,30.0,3.0,4.0,11.0,9.0,11.0,4.0,3.0,0.0,0.0,0.0,454.0,54.0,508.0,460.0,2.0,462.0,30.0,67.0,108.0,6.0,22.0,1.0,7.0,2.0,29.0,131.0,16.0,68.0,15.0,5.0,4.0,51.0,8.0,5.0,0,1,0,6,2,1,Sunday,6,1.5954022988505747,0.11228070175438597,0.018731988472622477,0.9812680115273775,1,0,0.840918923345306,1.0659041639998097,620.8571428571429
2026-02-09,0.7173174873,1178.0,845.0,503.0,166.0,755.0,572.0,183.0,653.0,87.0,86.0,104.0,-28.0,8.0,10.0,14.0,20.0,16.0,9.0,9.0,0.0,169.0,0.0,420.0,95.0,515.0,494.0,24.0,518.0,68.0,45.0,94.0,11.0,43.0,4.0,21.0,0.0,0.0,-230.0,12.0,70.0,14.0,39.0,0.0,60.0,15.0,12.0,0,0,1,0,2,1,Monday,7,0.6409168081494058,0.1332312404287902,0.2423841059602649,0.7576158940397351,0,0,0.8150975268467178,1.0420784150256683,590.0
2026-02-10,0.798340249,1205.0,962.0,622.0,331.0,907.0,593.0,314.0,698.0,96.0,57.0,264.0,2.0,8.0,0.0,15.0,12.0,14.0,4.0,4.0,0.0,337.0,0.0,212.0,32.0,244.0,562.0,48.0,610.0,31.0,32.0,37.0,7.0,20.0,2.0,9.0,0.0,8.0,263.0,5.0,74.0,3.0,6.0,0.0,48.0,42.0,6.0,0,0,0,1,2,1,Tuesday,7,0.7526970954356846,0.13753581661891118,0.3461962513781698,0.6538037486218302,0,0,0.7906664618724616,1.028924718680669,613.7142857142857
2026-02-11,1.09600863,927.0,1016.0,663.0,318.0,999.0,678.0,321.0,698.0,107.0,114.0,197.0,1.0,12.0,15.0,16.0,30.0,14.0,14.0,13.0,0.0,324.0,0.0,283.0,77.0,360.0,548.0,103.0,651.0,59.0,91.0,71.0,15.0,35.0,4.0,20.0,3.0,42.0,22.0,4.0,24.0,4.0,15.0,0.0,83.0,12.0,12.0,0,0,0,2,2,1,Wednesday,7,1.0776699029126213,0.15329512893982808,0.3213213213213213,0.6786786786786787,0,0,0.8385003687124882,1.035714506374724,701.7142857142857
2026-02-12,0.7701492537,1340.0,1032.0,732.0,314.0,693.0,681.0,12.0,653.0,91.0,82.0,221.0,1.0,8.0,7.0,16.0,22.0,14.0,8.0,7.0,0.0,320.0,0.0,323.0,68.0,391.0,523.0,49.0,572.0,45.0,123.0,57.0,9.0,29.0,2.0,14.0,0.0,20.0,87.0,5.0,69.0,5.0,10.0,0.0,72.0,10.0,9.0,0,0,0,3,2,1,Thursday,7,0.5171641791044777,0.13935681470137826,0.017316017316017316,0.9826839826839827,0,0,0.7925951987684867,1.021051295601651,753.5714285714286
2026-02-13,0.0,0.0,783.0,472.0,228.0,687.0,462.0,225.0,322.0,56.0,67.0,149.0,0.0,5.0,7.0,13.0,21.0,9.0,6.0,6.0,0.0,232.0,0.0,81.0,16.0,97.0,216.0,56.0,272.0,30.0,122.0,63.0,10.0,20.0,1.0,9.0,0.0,21.0,129.0,2.0,65.0,2.0,4.0,0.0,46.0,5.0,5.0,1,0,0,4,2,1,Friday,7,,0.17391304347826086,0.32751091703056767,0.6724890829694323,0,0,0.8522777997023722,1.021051295601651,775.4285714285714
2026-02-14,0.0,0.0,608.0,450.0,132.0,612.0,476.0,136.0,84.0,23.0,30.0,89.0,0.0,1.0,1.0,8.0,16.0,2.0,1.0,1.0,0.0,134.0,0.0,128.0,18.0,146.0,72.0,13.0,85.0,13.0,148.0,0.0,0.0,5.0,1.0,7.0,0.0,22.0,121.0,0.0,1.0,0.0,1.0,0.0,14.0,5.0,4.0,1,1,0,5,2,1,Saturday,7,,0.27380952380952384,0.2222222222222222,0.7777777777777778,0,0,0.9167700568905529,1.0308182279298688,763.8571428571429
2026-02-15,2.0182232346241458,439.0,886.0,740.0,93.0,807.0,720.0,87.0,484.0,40.0,17.0,66.0,0.0,1.0,1.0,7.0,3.0,3.0,1.0,1.0,0.0,95.0,0.0,295.0,25.0,320.0,325.0,54.0,379.0,22.0,120.0,47.0,3.0,13.0,0.0,9.0,0.0,110.0,118.0,0.0,79.0,0.0,5.0,0.0,31.0,4.0,5.0,0,1,0,6,2,1,Sunday,7,1.8382687927107062,0.08264462809917356,0.10780669144981413,0.8921933085501859,1,1,0.9653433556625792,1.0815638933388814,780.0
2026-02-16,0.7310725552,1268.0,927.0,620.0,296.0,963.0,656.0,307.0,718.0,115.0,85.0,202.0,1.0,9.0,9.0,15.0,21.0,13.0,9.0,9.0,0.0,304.0,4.0,309.0,60.0,369.0,587.0,31.0,618.0,54.0,71.0,76.0,9.0,33.0,3.0,18.0,10.0,14.0,17.0,6.0,63.0,6.0,25.0,0.0,79.0,25.0,11.0,0,0,1,0,2,1,Monday,8,0.7594637223974764,0.16016713091922005,0.31879543094496365,0.6812045690550363,0,0,0.9890527385121933,1.085071431422212,809.7142857142857
2026-02-17,0.8643939394,1320.0,1141.0,811.0,329.0,1126.0,801.0,325.0,775.0,92.0,95.0,222.0,1.0,9.0,11.0,17.0,24.0,14.0,10.0,10.0,0.0,338.0,0.0,305.0,56.0,361.0,534.0,117.0,651.0,65.0,133.0,80.0,10.0,43.0,4.0,18.0,5.0,13.0,144.0,6.0,86.0,5.0,27.0,0.0,73.0,10.0,8.0,0,0,0,1,2,1,Tuesday,8,0.853030303030303,0.11870967741935484,0.2886323268206039,0.7113676731793961,0,0,1.009119380031117,1.074524107404398,841.0
2026-02-18,0.9826546003,1326.0,1303.0,669.0,322.0,1279.0,960.0,319.0,635.0,22.0,92.0,219.0,1.0,10.0,10.0,17.0,21.0,14.0,10.0,10.0,0.0,328.0,0.0,319.0,73.0,392.0,456.0,62.0,518.0,169.0,144.0,78.0,17.0,142.0,4.0,23.0,5.0,12.0,-148.0,5.0,88.0,6.0,18.0,0.0,0.0,10.0,12.0,0,0,0,2,2,1,Wednesday,8,0.9645550527903469,0.03464566929133858,0.24941360437842064,0.7505863956215794,0,1,0.986496410006662,1.0839311552585047,881.0
2026-02-19,1.017898833,1285.0,1308.0,1275.0,290.0,1289.0,992.0,297.0,623.0,39.0,87.0,194.0,1.0,7.0,16.0,12.0,20.0,9.0,12.0,11.0,0.0,299.0,0.0,293.0,61.0,354.0,413.0,64.0,477.0,138.0,173.0,114.0,12.0,114.0,4.0,20.0,3.0,117.0,364.0,23.0,87.0,6.0,30.0,0.0,22.0,10.0,7.0,0,0,0,3,2,1,Thursday,8,1.003112840466926,0.06260032102728733,0.230411171450737,0.769588828549263,0,1,1.0836861422791517,1.0884551181265232,966.1428571428571
2026-02-20,1.101229896,1057.0,1164.0,831.0,325.0,1131.0,810.0,321.0,663.0,106.0,95.0,215.0,2.0,6.0,1.0,14.0,58.0,9.0,4.0,3.0,0.0,334.0,6.0,292.0,61.0,353.0,474.0,32.0,506.0,57.0,144.0,87.0,10.0,35.0,4.0,18.0,2.0,14.0,164.0,23.0,88.0,5.0,41.0,0.0,85.0,10.0,11.0,0,0,0,4,2,1,Friday,8,1.0700094607379376,0.15987933634992457,0.2838196286472148,0.7161803713527851,0,0,1.081406695355616,1.0968666503322302,1029.5714285714287
2026-02-21,0.9776357827,1252.0,1224.0,822.0,350.0,1200.0,848.0,352.0,674.0,125.0,39.0,302.0,0.0,8.0,10.0,13.0,-19.0,9.0,9.0,9.0,0.0,357.0,12.0,270.0,77.0,347.0,486.0,21.0,507.0,62.0,167.0,84.0,12.0,39.0,5.0,18.0,7.0,13.0,130.0,24.0,86.0,6.0,51.0,0.0,96.0,14.0,15.0,0,1,0,5,2,1,Saturday,8,0.9584664536741214,0.18545994065281898,0.29333333333333333,0.7066666666666667,0,0,1.0638438036868312,1.0847769935563656,1113.5714285714287
2026-02-22,1.653846154,832.0,1376.0,1080.0,255.0,1317.0,1064.0,253.0,749.0,102.0,69.0,177.0,0.0,8.0,8.0,12.0,18.0,7.0,8.0,8.0,0.0,260.0,0.0,420.0,59.0,479.0,545.0,70.0,615.0,52.0,197.0,119.0,20.0,36.0,4.0,12.0,9.0,26.0,178.0,19.0,76.0,4.0,35.0,0.0,86.0,11.0,5.0,0,1,0,6,2,1,Sunday,8,1.5829326923076923,0.13618157543391188,0.1921032649962035,0.8078967350037966,1,0,1.0273672179149718,1.055320376803553,1186.4285714285713
2026-02-23,0.945561139,1194.0,1129.0,779.0,320.0,1101.0,781.0,320.0,588.0,127.0,66.0,244.0,1.0,6.0,8.0,12.0,17.0,9.0,7.0,7.0,0.0,326.0,0.0,275.0,63.0,338.0,428.0,35.0,463.0,68.0,141.0,61.0,10.0,39.0,6.0,23.0,5.0,14.0,142.0,22.0,69.0,6.0,28.0,0.0,93.0,14.0,19.0,0,0,1,0,2,1,Monday,9,0.9221105527638191,0.21598639455782312,0.29064486830154407,0.709355131698456,0,0,1.050602479395878,1.070071884249015,1206.142857142857
2026-02-24,0.8606811146,1292.0,1112.0,715.0,319.0,1039.0,719.0,320.0,632.0,130.0,79.0,223.0,0.0,8.0,9.0,17.0,19.0,9.0,9.0,8.0,0.0,328.0,0.0,283.0,70.0,353.0,425.0,85.0,510.0,69.0,105.0,70.0,12.0,37.0,7.0,25.0,4.0,15.0,87.0,25.0,69.0,6.0,22.0,0.0,91.0,16.0,22.0,0,0,0,1,2,1,Tuesday,9,0.8041795665634675,0.20569620253164558,0.30798845043310874,0.6920115495668913,0,0,1.0436238027577587,1.058511348697469,1193.7142857142858
2026-02-25,0.93456505,1299.0,1214.0,869.0,325.0,1206.0,878.0,328.0,622.0,118.0,76.0,235.0,0.0,7.0,9.0,15.0,20.0,9.0,8.0,8.0,0.0,335.0,0.0,298.0,46.0,344.0,445.0,58.0,503.0,68.0,104.0,62.0,12.0,38.0,5.0,25.0,10.0,15.0,254.0,22.0,70.0,6.0,21.0,0.0,90.0,13.0,15.0,0,0,0,2,2,1,Wednesday,9,0.9284064665127021,0.18971061093247588,0.27197346600331673,0.7280265339966833,0,0,1.0384597190038094,1.043506163699958,1183.2857142857142
2026-02-26,0.8933021807,1284.0,1147.0,833.0,337.0,1150.0,817.0,333.0,609.0,161.0,82.0,235.0,0.0,7.0,9.0,18.0,23.0,9.0,8.0,8.0,0.0,347.0,0.0,294.0,60.0,354.0,446.0,33.0,479.0,135.0,148.0,65.0,18.0,39.0,4.0,92.0,3.0,18.0,92.0,27.0,72.0,6.0,25.0,0.0,94.0,13.0,53.0,0,0,0,3,2,1,Thursday,9,0.8956386292834891,0.26436781609195403,0.28956521739130436,0.7104347826086956,0,0,1.0231062602633185,1.0373450164326052,1163.4285714285713
2026-02-27,0.9352396972,1189.0,1112.0,724.0,312.0,1033.0,722.0,311.0,643.0,124.0,74.0,225.0,0.0,7.0,9.0,14.0,20.0,8.0,8.0,8.0,0.0,321.0,0.0,299.0,75.0,374.0,476.0,52.0,528.0,68.0,116.0,64.0,6.0,38.0,5.0,25.0,3.0,9.0,84.0,19.0,71.0,5.0,20.0,0.0,93.0,13.0,17.0,0,0,0,4,2,1,Friday,9,0.8687973086627419,0.19284603421461896,0.3010648596321394,0.6989351403678606,0,0,0.9943616671097191,1.0306031081218108,1149.4285714285713
2026-02-28,1.323037323,777.0,1028.0,751.0,275.0,1053.0,771.0,282.0,603.0,127.0,65.0,202.0,1.0,7.0,8.0,11.0,17.0,7.0,8.0,7.0,0.0,280.0,17.0,297.0,53.0,350.0,461.0,10.0,471.0,64.0,115.0,63.0,9.0,39.0,4.0,21.0,6.0,16.0,128.0,21.0,71.0,6.0,34.0,0.0,92.0,11.0,23.0,0,1,0,5,2,1,Saturday,9,1.3552123552123552,0.21061359867330018,0.2678062678062678,0.7321937321937322,0,0,1.0510396530437525,1.0430880791637547,1128.4285714285713
2026-03-01,2.297413793,464.0,1066.0,956.0,82.0,1025.0,949.0,76.0,400.0,57.0,16.0,52.0,0.0,1.0,1.0,8.0,3.0,1.0,1.0,1.0,0.0,83.0,0.0,348.0,37.0,385.0,275.0,39.0,314.0,31.0,110.0,123.0,12.0,20.0,2.0,9.0,5.0,11.0,279.0,4.0,73.0,0.0,5.0,4.0,49.0,5.0,2.0,0,1,0,6,3,1,Sunday,9,2.209051724137931,0.1425,0.07414634146341463,0.9258536585365854,1,0,1.1404852290195007,1.0827502588788138,1086.7142857142858
2026-03-02,0.9325842697,1335.0,1245.0,964.0,274.0,1299.0,1007.0,292.0,689.0,121.0,74.0,192.0,2.0,7.0,10.0,12.0,17.0,11.0,9.0,8.0,0.0,282.0,,469.0,62.0,531.0,498.0,69.0,567.0,65.0,120.0,76.0,3.0,43.0,4.0,18.0,2.0,11.0,156.0,20.0,73.0,6.0,23.0,0.0,102.0,10.0,8.0,0,0,1,0,3,1,Monday,10,0.9730337078651685,0.17561683599419448,0.22478829869130101,0.775211701308699,0,0,1.1477599654625508,1.0490252273905938,1115.0
2026-03-03,1.088607595,1264.0,1376.0,1016.0,319.0,1336.0,1016.0,320.0,668.0,116.0,76.0,231.0,3.0,7.0,10.0,13.0,19.0,10.0,9.0,8.0,0.0,328.0,1.0,459.0,60.0,519.0,514.0,37.0,551.0,59.0,120.0,80.0,19.0,36.0,4.0,19.0,11.0,10.0,198.0,16.0,73.0,6.0,22.0,0.0,86.0,13.0,17.0,0,0,0,1,3,1,Tuesday,10,1.0569620253164558,0.17365269461077845,0.23952095808383234,0.7604790419161677,0,0,1.1838717452844063,1.0090874714139368,1157.4285714285713
2026-03-04,1.035598706,1236.0,1280.0,965.0,309.0,1302.0,991.0,311.0,709.0,93.0,89.0,214.0,2.0,13.0,11.0,13.0,19.0,9.0,12.0,12.0,0.0,318.0,21.0,464.0,70.0,534.0,506.0,69.0,575.0,50.0,119.0,63.0,7.0,34.0,2.0,14.0,2.0,12.0,178.0,21.0,74.0,5.0,34.0,0.0,80.0,5.0,7.0,0,0,0,2,3,1,Wednesday,10,1.0533980582524272,0.1311706629055007,0.23886328725038403,0.761136712749616,0,0,1.2017276869615099,1.0199864817066322,1171.142857142857
2026-03-05,1.05799373,1276.0,1350.0,972.0,318.0,1262.0,947.0,315.0,634.0,99.0,50.0,254.0,2.0,1.0,5.0,11.0,18.0,9.0,3.0,3.0,0.0,327.0,12.0,354.0,61.0,415.0,475.0,29.0,504.0,59.0,143.0,70.0,14.0,38.0,3.0,18.0,7.0,11.0,253.0,20.0,78.0,5.0,27.0,0.0,75.0,7.0,17.0,0,0,0,3,3,1,Thursday,10,0.9890282131661442,0.15615141955835962,0.24960380348652933,0.7503961965134707,0,0,1.2150690560876034,1.0243778583550622,1187.142857142857
2026-03-06,1.050487157,1129.0,1186.0,855.0,337.0,1118.0,800.0,318.0,634.0,93.0,73.0,251.0,-1.0,6.0,8.0,14.0,23.0,8.0,7.0,7.0,0.0,347.0,20.0,291.0,56.0,347.0,463.0,32.0,495.0,46.0,141.0,68.0,8.0,32.0,2.0,12.0,3.0,12.0,230.0,25.0,76.0,5.0,33.0,0.0,76.0,7.0,10.0,0,0,0,4,3,1,Friday,10,0.9902568644818424,0.14668769716088328,0.2844364937388193,0.7155635062611807,0,0,1.2324204212046177,1.0231141178412393,1199.2857142857142
2026-03-07,1.423167849,846.0,1204.0,988.0,286.0,1190.0,903.0,287.0,682.0,101.0,67.0,210.0,1.0,8.0,8.0,11.0,18.0,6.0,8.0,8.0,0.0,291.0,0.0,297.0,59.0,356.0,495.0,44.0,539.0,57.0,169.0,70.0,14.0,36.0,3.0,18.0,0.0,14.0,308.0,24.0,76.0,5.0,38.0,0.0,88.0,9.0,4.0,0,1,0,5,3,1,Saturday,10,1.4066193853427895,0.14809384164222875,0.2411764705882353,0.7588235294117647,0,0,1.2397642826518227,1.0368107345377233,1218.857142857143
2026-03-08,2.806167401,454.0,1274.0,1037.0,107.0,1031.0,954.0,77.0,473.0,53.0,17.0,76.0,0.0,1.0,1.0,8.0,4.0,1.0,1.0,1.0,0.0,109.0,0.0,352.0,36.0,388.0,367.0,31.0,398.0,26.0,129.0,130.0,8.0,16.0,1.0,9.0,5.0,19.0,332.0,7.0,55.0,1.0,7.0,5.0,38.0,1.0,13.0,0,1,0,6,3,1,Sunday,10,2.2709251101321586,0.11205073995771671,0.07468477206595538,0.9253152279340446,1,0,1.248603337793855,1.102397360143687,1219.7142857142858
2026-03-09,0.756097561,1271.0,961.0,627.0,264.0,1127.0,828.0,299.0,707.0,113.0,43.0,212.0,1.0,3.0,1.0,10.0,16.0,9.0,2.0,2.0,0.0,272.0,0.0,289.0,81.0,370.0,551.0,33.0,584.0,52.0,120.0,61.0,11.0,33.0,3.0,16.0,7.0,13.0,-7.0,20.0,72.0,5.0,26.0,0.0,80.0,8.0,25.0,0,0,1,0,3,1,Monday,11,0.8867033831628639,0.15983026874115983,0.2653061224489796,0.7346938775510204,0,0,1.2362704342649544,1.1151433197651655,1195.142857142857
2026-03-10,1.005319149,1316.0,1323.0,996.0,321.0,1312.0,992.0,320.0,823.0,85.0,98.0,222.0,1.0,15.0,14.0,12.0,19.0,9.0,15.0,14.0,0.0,330.0,0.0,296.0,61.0,357.0,576.0,109.0,685.0,52.0,173.0,61.0,9.0,34.0,2.0,16.0,8.0,14.0,322.0,24.0,83.0,5.0,26.0,0.0,79.0,6.0,0.0,0,0,0,1,3,1,Tuesday,11,0.9969604863221885,0.10328068043742406,0.24390243902439024,0.7560975609756098,0,0,1.2276987858372022,1.0937703978891515,1191.7142857142858
2026-03-11,1.034560481,1331.0,1377.0,1033.0,322.0,1324.0,1006.0,318.0,646.0,109.0,75.0,234.0,3.0,7.0,9.0,13.0,21.0,9.0,8.0,8.0,0.0,331.0,0.0,299.0,59.0,358.0,458.0,42.0,500.0,67.0,141.0,67.0,13.0,35.0,3.0,29.0,5.0,10.0,372.0,29.0,78.0,6.0,33.0,0.0,84.0,9.0,15.0,0,0,0,2,3,1,Wednesday,11,0.994740796393689,0.16873065015479877,0.24018126888217523,0.7598187311178247,0,0,1.2193191770002394,1.106406968897876,1194.857142857143
2026-03-12,1.043773585,1325.0,1383.0,976.0,322.0,1304.0,982.0,322.0,651.0,128.0,64.0,247.0,3.0,7.0,3.0,13.0,20.0,11.0,5.0,5.0,0.0,331.0,0.0,293.0,73.0,366.0,446.0,50.0,496.0,66.0,132.0,81.0,11.0,42.0,4.0,20.0,5.0,9.0,306.0,29.0,88.0,6.0,32.0,0.0,100.0,11.0,17.0,0,0,0,3,3,1,Thursday,11,0.9841509433962264,0.1966205837173579,0.2469325153374233,0.7530674846625767,0,0,1.2186224241759653,1.1146731777536094,1200.857142857143
2026-03-13,1.01728024,1331.0,1354.0,1078.0,307.0,1386.0,1069.0,317.0,575.0,121.0,82.0,215.0,1.0,6.0,15.0,12.0,19.0,9.0,11.0,10.0,0.0,316.0,0.0,303.0,69.0,372.0,424.0,18.0,442.0,68.0,122.0,59.0,12.0,36.0,5.0,27.0,0.0,14.0,431.0,27.0,72.0,6.0,28.0,0.0,88.0,14.0,19.0,0,0,0,4,3,1,Friday,11,1.0413223140495869,0.21043478260869566,0.2287157287157287,0.7712842712842712,0,0,1.225917488399929,1.1133750495799297,1239.142857142857
2026-03-14,1.435501654,907.0,1302.0,930.0,294.0,1208.0,927.0,281.0,561.0,110.0,69.0,210.0,0.0,6.0,8.0,13.0,23.0,5.0,7.0,7.0,0.0,300.0,0.0,318.0,64.0,382.0,422.0,16.0,438.0,56.0,127.0,67.0,8.0,36.0,4.0,16.0,11.0,9.0,270.0,20.0,75.0,5.0,23.0,0.0,86.0,12.0,12.0,0,1,0,5,3,1,Saturday,11,1.3318632855567807,0.19607843137254902,0.2326158940397351,0.7673841059602649,0,0,1.2152380455733562,1.1424714462389407,1241.7142857142858
2026-03-15,2.085953878,477.0,995.0,816.0,126.0,927.0,806.0,121.0,401.0,60.0,29.0,82.0,0.0,2.0,4.0,10.0,4.0,3.0,3.0,3.0,0.0,128.0,0.0,319.0,45.0,364.0,281.0,37.0,318.0,32.0,101.0,60.0,13.0,23.0,0.0,9.0,10.0,16.0,220.0,3.0,71.0,0.0,5.0,4.0,56.0,1.0,3.0,0,1,0,6,3,1,Sunday,11,1.9433962264150944,0.14962593516209477,0.13052858683926646,0.8694714131607335,1,0,1.168448205042347,1.1700895421070838,1226.857142857143
2026-03-16,0.834232845,1297.0,1082.0,848.0,303.0,1094.0,781.0,313.0,588.0,100.0,86.0,202.0,3.0,8.0,12.0,15.0,21.0,10.0,10.0,10.0,0.0,312.0,0.0,293.0,85.0,378.0,451.0,-8.0,443.0,62.0,88.0,58.0,8.0,35.0,4.0,23.0,0.0,10.0,244.0,30.0,74.0,6.0,35.0,0.0,83.0,10.0,6.0,0,0,1,0,3,1,Monday,12,0.843484965304549,0.17006802721088435,0.2861060329067642,0.7138939670932358,0,0,1.162274145348302,1.1592027228803328,1222.142857142857
2026-03-17,1.04587156,1308.0,1368.0,938.0,334.0,1298.0,975.0,323.0,693.0,136.0,72.0,248.0,1.0,7.0,8.0,14.0,20.0,8.0,8.0,7.0,0.0,344.0,0.0,312.0,74.0,386.0,475.0,73.0,548.0,68.0,106.0,67.0,14.0,37.0,4.0,27.0,4.0,9.0,284.0,30.0,75.0,6.0,34.0,0.0,89.0,11.0,36.0,0,0,0,1,3,1,Tuesday,12,0.9923547400611621,0.19624819624819625,0.24884437596302003,0.75115562403698,0,0,1.161616181596727,1.1310055877920144,1220.142857142857
2026-03-18,1.538064516,775.0,1192.0,809.0,265.0,1155.0,870.0,285.0,629.0,125.0,67.0,181.0,6.0,6.0,9.0,12.0,18.0,7.0,8.0,7.0,0.0,270.0,0.0,316.0,55.0,371.0,435.0,50.0,485.0,70.0,126.0,81.0,13.0,38.0,5.0,27.0,6.0,14.0,128.0,32.0,74.0,6.0,32.0,0.0,91.0,16.0,18.0,0,0,0,2,3,1,Wednesday,12,1.4903225806451612,0.1987281399046105,0.24675324675324675,0.7532467532467533,1,0,1.2324135793469373,1.155367549733604,1196.0
2026-03-19,,0.0,332.0,259.0,78.0,339.0,271.0,68.0,56.0,27.0,8.0,67.0,0.0,1.0,0.0,3.0,1.0,2.0,1.0,0.0,0.0,79.0,0.0,10.0,5.0,15.0,32.0,-11.0,21.0,15.0,45.0,24.0,0.0,11.0,1.0,3.0,0.0,10.0,150.0,3.0,30.0,0.0,2.0,0.0,25.0,1.0,1.0,1,0,0,3,3,1,Thursday,12,,0.48214285714285715,0.20058997050147492,0.799410029498525,0,0,1.2737906853387224,1.165792972033718,1058.142857142857
2026-03-20,,0.0,54.0,78.0,39.0,88.0,51.0,37.0,,,0.0,39.0,0.0,0.0,0.0,0.0,0.0,0.0,0.0,0.0,0.0,40.0,0.0,0.0,0.0,0.0,14.0,-37.0,-23.0,10.0,0.0,0.0,0.0,6.0,2.0,2.0,0.0,11.0,57.0,1.0,1.0,0.0,15.0,6.0,17.0,4.0,-21.0,1,0,0,4,3,1,Friday,12,,,0.42045454545454547,0.5795454545454546,0,0,1.3202843595965494,1.172980040578124,872.7142857142857
2026-03-21,,0.0,0.0,53.0,32.0,87.0,54.0,33.0,47.0,51.0,1.0,32.0,0.0,0.0,0.0,0.0,0.0,1.0,0.0,0.0,0.0,33.0,0.0,0.0,0.0,0.0,0.0,46.0,46.0,15.0,9.0,0.0,0.0,13.0,0.0,2.0,0.0,9.0,20.0,1.0,0.0,0.0,0.0,0.0,29.0,0.0,21.0,1,1,0,5,3,1,Saturday,12,,1.0851063829787233,0.3793103448275862,0.6206896551724138,0,0,1.3173896281064916,1.1792714183600201,712.5714285714286
2026-03-22,,0.0,86.0,106.0,38.0,149.0,113.0,36.0,7.0,18.0,1.0,37.0,0.0,0.0,0.0,0.0,1.0,0.0,0.0,0.0,0.0,39.0,0.0,0.0,0.0,0.0,3.0,0.0,3.0,9.0,19.0,0.0,0.0,5.0,0.0,4.0,0.0,11.0,67.0,2.0,1.0,0.0,1.0,0.0,15.0,0.0,2.0,1,1,0,6,3,1,Sunday,12,,2.5714285714285716,0.24161073825503357,0.7583892617449665,0,0,1.108720762003624,1.1834738013454849,601.4285714285714
2026-03-23,,0.0,415.0,500.0,47.0,605.0,557.0,48.0,140.0,23.0,0.0,47.0,0.0,0.0,0.0,0.0,0.0,0.0,0.0,0.0,0.0,48.0,0.0,0.0,6.0,6.0,30.0,5.0,35.0,11.0,87.0,132.0,0.0,7.0,1.0,3.0,0.0,8.0,256.0,2.0,99.0,1.0,3.0,0.0,16.0,4.0,2.0,1,0,1,0,3,1,Monday,13,,0.16428571428571428,0.07933884297520662,0.9206611570247933,0,0,,1.1924740952523394,531.5714285714286
2026-03-24,,0.0,1020.0,912.0,88.0,1001.0,910.0,91.0,346.0,29.0,10.0,71.0,0.0,1.0,0.0,5.0,1.0,2.0,1.0,0.0,0.0,89.0,0.0,340.0,80.0,420.0,298.0,-31.0,267.0,12.0,120.0,46.0,1.0,12.0,0.0,0.0,10.0,18.0,285.0,6.0,60.0,0.0,13.0,0.0,28.0,1.0,1.0,1,0,0,1,3,1,Tuesday,13,,0.0838150289017341,0.09090909090909091,0.9090909090909091,0,1,,1.1762049870416997,489.14285714285717
2026-03-25,1.302880658,1215.0,1583.0,1270.0,276.0,1506.0,1233.0,273.0,657.0,132.0,84.0,174.0,2.0,9.0,10.0,18.0,17.0,11.0,10.0,9.0,0.0,284.0,0.0,236.0,111.0,347.0,471.0,37.0,508.0,60.0,173.0,73.0,11.0,33.0,4.0,23.0,7.0,42.0,557.0,26.0,85.0,4.0,34.0,0.0,78.0,10.0,44.0,0,0,0,2,3,1,Wednesday,13,1.2395061728395063,0.2009132420091324,0.18127490039840638,0.8187250996015937,0,0,,1.1894298045448533,539.2857142857143
2026-03-26,1.186864738,1279.0,1518.0,1140.0,327.0,1471.0,1143.0,328.0,703.0,133.0,81.0,230.0,2.0,6.0,9.0,16.0,23.0,12.0,8.0,7.0,0.0,336.0,15.0,303.0,35.0,338.0,463.0,78.0,541.0,73.0,133.0,82.0,4.0,39.0,5.0,29.0,3.0,13.0,494.0,33.0,87.0,6.0,36.0,0.0,96.0,14.0,23.0,0,0,0,3,3,1,Thursday,13,1.150117279124316,0.1891891891891892,0.2229775662814412,0.7770224337185588,0,0,,1.2038438759015555,701.0
2026-03-27,1.031375704,1243.0,1282.0,917.0,259.0,1259.0,919.0,340.0,648.0,136.0,75.0,170.0,2.0,9.0,4.0,16.0,22.0,11.0,7.0,6.0,0.0,266.0,0.0,291.0,29.0,320.0,463.0,22.0,485.0,73.0,140.0,87.0,17.0,43.0,5.0,25.0,0.0,8.0,272.0,37.0,86.0,5.0,35.0,0.0,104.0,13.0,18.0,0,0,0,4,3,1,Friday,13,1.0128720836685439,0.20987654320987653,0.27005559968228754,0.7299444003177125,0,0,1.134165178544122,1.207363276616382,868.2857142857143
2026-03-28,1.529346622,903.0,1381.0,903.0,377.0,1351.0,1053.0,298.0,680.0,144.0,90.0,276.0,0.0,10.0,14.0,14.0,21.0,7.0,12.0,12.0,0.0,384.0,0.0,295.0,48.0,343.0,468.0,40.0,508.0,79.0,139.0,65.0,14.0,45.0,6.0,28.0,8.0,9.0,246.0,38.0,88.0,6.0,40.0,0.0,107.0,14.0,22.0,0,1,0,5,3,1,Saturday,13,1.496124031007752,0.21176470588235294,0.22057735011102886,0.7794226498889711,1,0,1.2246548916600295,1.2323835016882263,1048.857142857143
2026-03-29,2.976890756,476.0,1417.0,1468.0,111.0,1435.0,1325.0,110.0,462.0,68.0,23.0,72.0,0.0,0.0,2.0,10.0,5.0,4.0,1.0,1.0,0.0,113.0,63.0,352.0,24.0,376.0,290.0,51.0,341.0,37.0,162.0,60.0,6.0,25.0,0.0,12.0,9.0,19.0,799.0,10.0,102.0,0.0,9.0,0.0,59.0,1.0,8.0,0,1,0,6,3,1,Sunday,13,3.014705882352941,0.1471861471861472,0.07665505226480836,0.9233449477351916,1,0,1.5826650897986119,1.321796358925318,1232.5714285714287
2026-03-30,1.090909091,1364.0,1488.0,1096.0,331.0,1468.0,1134.0,334.0,708.0,115.0,94.0,230.0,0.0,13.0,9.0,16.0,22.0,12.0,11.0,11.0,0.0,341.0,0.0,337.0,84.0,421.0,507.0,37.0,544.0,69.0,163.0,61.0,8.0,36.0,4.0,29.0,3.0,0.0,371.0,38.0,75.0,7.0,44.0,0.0,85.0,11.0,18.0,0,0,1,0,3,1,Monday,14,1.0762463343108504,0.16242937853107345,0.22752043596730245,0.7724795640326976,0,0,1.4982619638839847,1.3101727747210885,1355.857142857143
2026-03-31,1.024495677,1388.0,1422.0,1100.0,364.0,1397.0,1038.0,359.0,644.0,122.0,87.0,256.0,11.0,8.0,10.0,15.0,24.0,12.0,9.0,9.0,0.0,375.0,54.0,330.0,54.0,384.0,444.0,44.0,488.0,71.0,150.0,84.0,10.0,37.0,5.0,29.0,8.0,640.0,-247.0,35.0,74.0,7.0,40.0,0.0,90.0,14.0,18.0,0,0,0,1,3,1,Tuesday,14,1.0064841498559078,0.18944099378881987,0.25697924123120974,0.7430207587687903,0,0,1.4280079904514025,1.2600657924593377,1412.4285714285713
2026-04-01,1.170881226,1305.0,1528.0,1193.0,363.0,1558.0,1195.0,363.0,625.0,106.0,85.0,470.0,1.0,8.0,9.0,15.0,21.0,15.0,9.0,8.0,0.0,580.0,64.0,296.0,52.0,348.0,440.0,27.0,467.0,105.0,166.0,85.0,14.0,71.0,4.0,30.0,4.0,18.0,453.0,37.0,80.0,6.0,35.0,0.0,73.0,12.0,20.0,0,0,0,2,4,2,Wednesday,14,1.1938697318007663,0.1696,0.23299101412066753,0.7670089858793325,0,0,1.4214884988744394,1.2692672934566542,1419.857142857143
2026-04-02,1.134598792,1159.0,1315.0,956.0,354.0,1329.0,972.0,357.0,629.0,125.0,83.0,252.0,5.0,7.0,10.0,16.0,22.0,11.0,9.0,8.0,0.0,364.0,60.0,284.0,70.0,354.0,427.0,-11.0,416.0,106.0,173.0,76.0,17.0,71.0,5.0,30.0,6.0,19.0,205.0,34.0,138.0,7.0,34.0,0.0,75.0,12.0,38.0,0,0,0,3,4,2,Thursday,14,1.1466781708369285,0.1987281399046105,0.2686230248306998,0.7313769751693002,0,0,1.4209971976905271,1.2730054661866739,1399.5714285714287
2026-04-03,1.512931034,928.0,1404.0,1069.0,347.0,1407.0,1061.0,346.0,703.0,95.0,90.0,241.0,2.0,9.0,11.0,17.0,22.0,11.0,10.0,10.0,0.0,357.0,0.0,291.0,68.0,359.0,459.0,66.0,525.0,93.0,261.0,80.0,4.0,59.0,5.0,29.0,0.0,20.0,252.0,36.0,86.0,6.0,50.0,0.0,82.0,16.0,-3.0,0,0,0,4,4,2,Friday,14,1.5161637931034482,0.13513513513513514,0.2459132906894101,0.7540867093105899,1,0,1.492896013324085,1.2922873718054666,1420.7142857142858
2026-04-04,3.244332494,397.0,1288.0,957.0,242.0,1191.0,952.0,239.0,451.0,79.0,59.0,166.0,1.0,5.0,9.0,13.0,13.0,5.0,7.0,7.0,0.0,246.0,0.0,176.0,25.0,201.0,317.0,7.0,324.0,77.0,286.0,61.0,15.0,54.0,3.0,20.0,9.0,105.0,203.0,22.0,78.0,3.0,22.0,2.0,55.0,10.0,14.0,0,1,0,5,4,2,Saturday,14,3.0,0.17516629711751663,0.20067170445004198,0.799328295549958,1,0,1.7077354374658344,1.376077862923544,1397.857142857143
2026-04-05,4.098484848,264.0,1082.0,983.0,91.0,1056.0,967.0,89.0,452.0,49.0,12.0,64.0,0.0,0.0,1.0,8.0,1.0,1.0,1.0,0.0,0.0,93.0,0.0,475.0,51.0,526.0,335.0,33.0,368.0,47.0,147.0,116.0,0.0,37.0,5.0,5.0,4.0,10.0,133.0,8.0,64.0,1.0,9.0,2.0,39.0,3.0,6.0,0,1,0,6,4,2,Sunday,14,4.0,0.1084070796460177,0.08428030303030302,0.915719696969697,1,0,1.8484917399868428,1.5014838269034672,1343.7142857142858
2026-04-06,1.034281546,1371.0,1418.0,1098.0,311.0,1463.0,1143.0,320.0,638.0,69.0,81.0,215.0,2.0,8.0,10.0,16.0,18.0,11.0,9.0,9.0,0.0,320.0,0.0,278.0,70.0,348.0,477.0,38.0,515.0,62.0,248.0,79.0,5.0,28.0,5.0,29.0,0.0,27.0,329.0,28.0,62.0,5.0,28.0,0.0,36.0,15.0,18.0,0,0,1,0,4,2,Monday,15,1.0671043034281547,0.10815047021943573,0.21872863978127136,0.7812713602187287,0,0,1.8471857355750294,1.487337365157024,1343.0
2026-04-07,1.081765557,1382.0,1495.0,1092.0,353.0,1451.0,1097.0,354.0,568.0,46.0,84.0,259.0,1.0,8.0,9.0,15.0,22.0,13.0,9.0,8.0,0.0,363.0,0.0,379.0,65.0,444.0,436.0,20.0,456.0,35.0,203.0,64.0,13.0,0.0,5.0,30.0,6.0,43.0,284.0,25.0,61.0,7.0,19.0,0.0,11.0,16.0,19.0,0,0,0,1,4,2,Tuesday,15,1.0499276410998553,0.08098591549295775,0.2439696760854583,0.7560303239145417,0,1,1.8533919486098789,1.4364624706140114,1350.7142857142858
2026-04-08,1.179245283,1378.0,1625.0,1227.0,372.0,1556.0,1192.0,364.0,563.0,56.0,87.0,273.0,2.0,9.0,9.0,16.0,22.0,13.0,9.0,9.0,0.0,390.0,0.0,318.0,58.0,376.0,402.0,37.0,439.0,53.0,232.0,57.0,14.0,27.0,3.0,23.0,9.0,234.0,252.0,25.0,68.0,6.0,25.0,0.0,32.0,10.0,14.0,0,0,0,2,4,2,Wednesday,15,1.1291727140783745,0.0994671403197158,0.23393316195372751,0.7660668380462725,0,1,1.8441495175066802,1.4465653594021575,1350.4285714285713
2026-04-09,0.9921540656,1402.0,1391.0,1023.0,355.0,1410.0,1048.0,362.0,563.0,60.0,86.0,262.0,3.0,9.0,9.0,14.0,21.0,15.0,9.0,9.0,0.0,373.0,0.0,317.0,68.0,385.0,408.0,29.0,437.0,144.0,229.0,61.0,8.0,114.0,5.0,25.0,0.0,40.0,156.0,25.0,77.0,6.0,18.0,0.0,30.0,13.0,17.0,0,0,0,3,4,2,Thursday,15,1.005706134094151,0.10657193605683836,0.25673758865248225,0.7432624113475177,0,0,1.8240106551148547,1.4469297613926562,1362.0
2026-04-10,1.1003663,1365.0,1502.0,1080.0,390.0,1471.0,1083.0,388.0,540.0,39.0,81.0,288.0,3.0,2.0,10.0,18.0,23.0,16.0,6.0,6.0,0.0,409.0,0.0,304.0,86.0,390.0,389.0,40.0,429.0,155.0,226.0,58.0,11.0,133.0,4.0,18.0,0.0,253.0,-13.0,6.0,78.0,6.0,21.0,0.0,13.0,12.0,14.0,0,0,0,4,4,2,Friday,15,1.0776556776556776,0.07222222222222222,0.2637661454792658,0.7362338545207342,0,1,1.7613666386223161,1.4503845481119058,1371.142857142857
2026-04-11,,0.0,1106.0,812.0,208.0,1011.0,801.0,210.0,273.0,22.0,66.0,127.0,4.0,11.0,8.0,13.0,11.0,4.0,10.0,9.0,0.0,212.0,0.0,90.0,13.0,103.0,170.0,17.0,187.0,84.0,270.0,57.0,9.0,70.0,1.0,12.0,7.0,110.0,172.0,2.0,75.0,2.0,7.0,0.0,13.0,3.0,6.0,1,1,0,5,4,2,Saturday,15,,0.08058608058608059,0.20771513353115728,0.7922848664688428,0,1,1.5549277450593688,1.4706555744038916,1345.4285714285713
2026-04-12,,0.0,796.0,627.0,125.0,727.0,609.0,118.0,292.0,7.0,1.0,125.0,0.0,0.0,0.0,0.0,0.0,1.0,0.0,0.0,0.0,127.0,0.0,90.0,13.0,103.0,172.0,19.0,191.0,83.0,105.0,62.0,0.0,70.0,1.0,12.0,7.0,110.0,157.0,0.0,92.0,2.0,7.0,0.0,13.0,3.0,-9.0,1,1,0,6,4,2,Sunday,15,,0.023972602739726026,0.1623108665749656,0.8376891334250344,0,1,1.0659132940712426,1.4901707226018146,1298.4285714285713
2026-04-13,0.881343817,1399.0,1233.0,913.0,326.0,1317.0,970.0,347.0,619.0,54.0,89.0,204.0,2.0,8.0,9.0,25.0,19.0,11.0,9.0,8.0,0.0,332.0,0.0,383.0,81.0,464.0,430.0,91.0,521.0,119.0,152.0,82.0,0.0,99.0,2.0,18.0,7.0,311.0,-222.0,5.0,65.0,5.0,23.0,0.0,27.0,7.0,19.0,0,0,1,0,4,2,Monday,16,0.9413867047891351,0.08723747980613894,0.26347760060744113,0.7365223993925588,0,1,1.0407697743434388,1.4724217871123761,1277.5714285714287
2026-04-14,1.121495327,1391.0,1560.0,1144.0,400.0,1501.0,1117.0,384.0,641.0,42.0,86.0,305.0,1.0,8.0,9.0,15.0,23.0,14.0,9.0,8.0,0.0,420.0,0.0,358.0,69.0,427.0,462.0,26.0,488.0,122.0,227.0,80.0,15.0,93.0,5.0,23.0,4.0,244.0,25.0,27.0,88.0,7.0,31.0,0.0,18.0,14.0,8.0,0,0,0,1,4,2,Tuesday,16,1.0790797987059668,0.0655226209048362,0.2558294470353098,0.7441705529646903,0,1,1.046600205864661,1.4331346767619613,1284.7142857142858
2026-04-15,1.156760773,1346.0,1557.0,1144.0,382.0,1621.0,1214.0,407.0,647.0,89.0,95.0,277.0,2.0,10.0,11.0,16.0,23.0,14.0,11.0,10.0,0.0,401.0,0.0,350.0,85.0,435.0,474.0,15.0,489.0,35.0,293.0,82.0,12.0,0.0,5.0,30.0,3.0,213.0,70.0,31.0,85.0,7.0,35.0,0.0,52.0,17.0,19.0,0,0,0,2,4,2,Wednesday,16,1.2043090638930163,0.1375579598145286,0.2510795805058606,0.7489204194941395,0,0,1.0616274758275894,1.449535772152346,1294.0
2026-04-16,1.289876184,1373.0,1771.0,1323.0,412.0,1719.0,1315.0,404.0,664.0,130.0,90.0,307.0,4.0,9.0,9.0,17.0,23.0,14.0,9.0,9.0,0.0,432.0,0.0,335.0,57.0,392.0,471.0,21.0,492.0,47.0,307.0,75.0,12.0,0.0,9.0,38.0,2.0,2.0,486.0,45.0,86.0,7.0,34.0,0.0,79.0,28.0,23.0,0,0,0,3,4,2,Thursday,16,1.2520029133284778,0.19578313253012047,0.23502036067481094,0.7649796393251891,0,0,1.1108868316744547,1.461337961846315,1338.142857142857
2026-04-17,1.337152209,1222.0,1634.0,1221.0,380.0,1592.0,1212.0,380.0,657.0,119.0,95.0,271.0,2.0,9.0,12.0,18.0,22.0,13.0,11.0,10.0,11.0,387.0,0.0,300.0,68.0,368.0,410.0,68.0,478.0,81.0,334.0,78.0,11.0,33.0,10.0,38.0,5.0,6.0,338.0,46.0,87.0,7.0,39.0,0.0,61.0,27.0,30.0,0,0,0,4,4,2,Friday,16,1.3027823240589198,0.1811263318112633,0.23869346733668342,0.7613065326633166,0,0,1.155912160955103,1.4528134047287586,1355.4285714285713
2026-04-18,,0.0,1426.0,1066.0,238.0,1211.0,988.0,223.0,265.0,91.0,49.0,182.0,0.0,5.0,3.0,14.0,12.0,7.0,4.0,4.0,7.0,243.0,0.0,94.0,21.0,115.0,145.0,-5.0,140.0,80.0,340.0,75.0,0.0,60.0,3.0,16.0,0.0,29.0,427.0,15.0,86.0,2.0,13.0,9.0,61.0,9.0,20.0,1,1,0,5,4,2,Saturday,16,,0.3433962264150943,0.18414533443435177,0.8158546655656482,0,0,1.155912160955103,1.4528134047287586,1384.0
2026-04-19,,0.0,939.0,866.0,123.0,990.0,872.0,118.0,288.0,34.0,15.0,104.0,0.0,0.0,1.0,10.0,2.0,1.0,1.0,0.0,4.0,125.0,0.0,345.0,14.0,359.0,194.0,25.0,219.0,48.0,173.0,96.0,0.0,33.0,1.0,14.0,8.0,26.0,155.0,0.0,68.0,0.0,1.0,0.0,34.0,2.0,-2.0,1,1,0,6,4,2,Sunday,16,,0.11805555555555555,0.1191919191919192,0.8808080808080808,0,0,1.155912160955103,1.4528134047287586,1421.5714285714287
2026-04-20,0.9156118143,1422.0,1302.0,882.0,378.0,1331.0,928.0,403.0,627.0,126.0,74.0,290.0,2.0,7.0,10.0,15.0,19.0,6.0,9.0,8.0,12.0,385.0,0.0,263.0,95.0,358.0,437.0,39.0,476.0,117.0,193.0,69.0,0.0,78.0,8.0,30.0,5.0,6.0,134.0,25.0,79.0,6.0,25.0,16.0,81.0,21.0,23.0,0,0,1,0,4,2,Monday,17,0.9360056258790436,0.20095693779904306,0.30277986476333585,0.6972201352366642,0,0,1.1548359451730847,1.43034350130051,1423.5714285714287
2026-04-21,0.9083750895,1397.0,1269.0,852.0,388.0,1244.0,858.0,386.0,646.0,134.0,84.0,290.0,2.0,7.0,9.0,16.0,23.0,13.0,8.0,8.0,11.0,396.0,0.0,323.0,62.0,385.0,462.0,70.0,532.0,125.0,146.0,90.0,0.0,81.0,8.0,36.0,3.0,7.0,95.0,15.0,82.0,6.0,11.0,0.0,83.0,23.0,27.0,0,0,0,1,4,2,Tuesday,17,0.8904795991410165,0.20743034055727555,0.3102893890675241,0.6897106109324759,0,0,1.117115905260095,1.4078491720438644,1386.857142857143
2026-04-22,1.101731602,1386.0,1527.0,1065.0,434.0,1491.0,1055.0,436.0,571.0,135.0,104.0,314.0,3.0,12.0,15.0,16.0,23.0,11.0,14.0,13.0,13.0,442.0,0.0,314.0,82.0,396.0,437.0,13.0,450.0,119.0,200.0,96.0,0.0,78.0,7.0,34.0,4.0,16.0,233.0,15.0,81.0,7.0,18.0,0.0,81.0,20.0,33.0,0,0,0,2,4,2,Wednesday,17,1.0757575757575757,0.23642732049036777,0.29242119382964454,0.7075788061703555,0,0,1.0914056076330065,1.394565508192413,1368.2857142857142
2026-04-23,1.04235463,1393.0,1452.0,968.0,446.0,1318.0,901.0,417.0,549.0,93.0,85.0,340.0,8.0,10.0,10.0,17.0,15.0,13.0,10.0,10.0,12.0,455.0,0.0,315.0,77.0,392.0,396.0,45.0,441.0,104.0,184.0,88.0,11.0,72.0,5.0,27.0,3.0,6.0,179.0,12.0,81.0,6.0,9.0,0.0,75.0,14.0,4.0,0,0,0,3,4,2,Thursday,17,0.9461593682699211,0.16939890710382513,0.3163884673748103,0.6836115326251897,0,0,1.0302368986212953,1.3773191181953939,1311.0
2026-04-24,0.9934735315,1379.0,1370.0,943.0,389.0,1313.0,929.0,384.0,509.0,102.0,104.0,272.0,1.0,11.0,12.0,17.0,33.0,8.0,12.0,11.0,11.0,397.0,0.0,300.0,58.0,358.0,372.0,25.0,397.0,98.0,183.0,68.0,13.0,69.0,4.0,25.0,2.0,6.0,214.0,15.0,80.0,5.0,12.0,0.0,71.0,12.0,18.0,0,0,0,4,4,2,Friday,17,0.9521392313270486,0.20039292730844793,0.2924600152322925,0.7075399847677075,0,0,0.9601082800749211,1.3662665435218382,1271.142857142857
2026-04-25,,0.0,735.0,412.0,219.0,716.0,491.0,225.0000000000001,231.0,61.0,35.0,176.0,1.0,1.0,1.0,11.0,17.0,3.0,1.0,1.0,7.0,223.0,0.0,109.0,20.0,129.0,137.0,3.0,140.0,64.0,81.0,70.0,7.0,46.0,2.0,16.0,1.0,35.0,24.0,6.0,80.0,2.0,3.0,0.0,48.0,7.0,5.0,1,1,0,5,4,2,Saturday,17,,0.26406926406926406,0.3142458100558661,0.6857541899441341,0,0,0.9601082800749211,1.374912514097739,1200.4285714285713
2026-04-26,,0.0,587.0,479.0,118.0,629.0,488.0,141.0,237.0,50.0,40.0,73.0,0.0,6.0,7.0,9.0,2.0,3.0,7.0,6.0,4.0,120.0,0.0,300.0,12.0,312.0,160.0,-33.0,127.0,38.0,37.0,65.0,3.0,28.0,1.0,9.0,0.0,0.0,23.0,1.0,108.0,0.0,1.0,0.0,28.0,1.0,20.0,1,1,0,6,4,2,Sunday,17,,0.2109704641350211,0.22416534181240064,0.7758346581875993,0,0,0.9601082800749211,1.3899975320322886,1148.857142857143
2026-04-27,0.776,1375.0,1067.0,694.0,348.0,954.0,629.0,325.0,638.0,100.0,80.0,256.0,2.0,11.0,9.0,16.0,16.0,8.0,10.0,10.0,10.0,355.0,0.0,273.0,80.0,353.0,436.0,95.0,531.0,101.0,57.0,78.0,3.0,69.0,7.0,25.0,8.0,6.0,87.0,12.0,83.0,5.0,7.0,0.0,71.0,18.0,10.0,0,0,1,0,4,2,Monday,18,0.6938181818181818,0.15673981191222572,0.34067085953878407,0.6593291404612159,0,0,0.9116707912627489,1.3565681216493901,1095.0
2026-04-28,0.912482066,1394.0,1272.0,902.0,322.0,1311.0,922.0,389.0,607.0,125.0,87.0,221.0,2.0,9.0,10.0,16.0,21.0,12.0,10.0,9.0,11.0,328.0,0.0,338.0,49.0,387.0,466.0,32.0,498.0,122.0,168.0,75.0,18.0,82.0,7.0,32.0,5.0,6.0,121.0,9.0,84.0,6.0,10.0,0.0,86.0,19.0,20.0,0,0,0,1,4,2,Tuesday,18,0.9404591104734576,0.20593080724876442,0.2967200610221205,0.7032799389778794,0,0,0.921666693529237,1.270141172821078,1104.5714285714287
2026-04-29,1.153307393,1285.0,1482.0,1077.0,444.0,1434.0,1056.0,377.9999999999999,610.0,129.0,100.0,332.0,1.0,11.0,11.0,17.0,24.0,15.0,11.0,11.0,11.0,453.0,0.0,335.0,97.0,432.0,423.0,79.0,502.0,115.0,192.0,76.0,11.0,81.0,5.0,29.0,2.0,6.0,243.0,13.0,83.0,5.0,7.0,0.0,83.0,20.0,25.0,0,0,0,2,4,2,Wednesday,18,1.1159533073929961,0.21147540983606558,0.26359832635983255,0.7364016736401674,0,0,0.929705839856321,1.2717956300328341,1096.4285714285713
2026-04-30,1.493506494,924.0,1380.0,938.0,368.0,1324.0,955.0,369.0,564.0,117.0,84.0,270.0,3.0,8.0,10.0,16.0,21.0,11.0,9.0,9.0,11.0,375.0,0.0,314.0,55.0,369.0,437.0,8.0,445.0,103.0,220.0,64.0,11.0,68.0,4.0,30.0,3.0,5.0,163.0,20.0,76.0,6.0,17.0,0.0,77.0,16.0,24.0,0,0,0,3,4,2,Thursday,18,1.432900432900433,0.2074468085106383,0.27870090634441086,0.7212990936555891,0,0,1.0270540527824235,1.2895629751596893,1097.2857142857142
2026-05-01,,0.0,498.0,336.0,104.0,430.0,326.0,104.0,21.0,27.0,3.0,98.0,0.0,0.0,0.0,0.0,0.0,3.0,0.0,0.0,3.0,106.0,0.0,5.0,17.0,22.0,19.0,1.0,20.0,35.0,128.0,0.0,0.0,20.0,1.0,14.0,1.0,14.0,136.0,1.0,0.0,0.0,0.0,0.0,21.0,3.0,3.0,1,0,0,4,5,2,Friday,18,,1.2857142857142858,0.24186046511627907,0.7581395348837209,0,0,1.045782758146267,1.2937235509579035,971.1428571428571
2026-05-02,,0.0,333.0,256.0,121.0,387.0,265.0,122.0,19.0,51.0,24.0,93.0,0.0,3.0,4.0,8.0,1.0,1.0,4.0,3.0,3.0,123.0,0.0,11.0,10.0,21.0,17.0,-2.0,15.0,53.0,134.0,25.0,0.0,36.0,1.0,16.0,0.0,13.0,9.0,0.0,3.0,0.0,1.0,0.0,38.0,3.0,9.0,1,1,0,5,5,2,Saturday,18,,2.6842105263157894,0.3152454780361757,0.6847545219638242,0,0,1.045782758146267,1.3004074318724932,924.1428571428571
2026-05-03,,0.0,925.0,773.0,159.0,890.0,743.0,147.0,333.0,43.0,13.0,141.0,0.0,0.0,1.0,7.0,2.0,2.0,1.0,0.0,4.0,162.0,0.0,334.0,5.0,339.0,214.0,19.0,233.0,47.0,110.0,95.0,1.0,29.0,0.0,18.0,2.0,1.0,177.0,2.0,96.0,0.0,2.0,0.0,32.0,1.0,10.0,1,1,0,6,5,2,Sunday,18,,0.12912912912912913,0.1651685393258427,0.8348314606741573,0,0,1.045782758146267,1.2901333194329239,961.4285714285714
2026-05-04,0.9190166305,1383.0,1271.0,963.0,350.0,1373.0,1011.0,362.0,576.0,117.0,82.0,256.0,1.0,8.0,8.0,16.0,20.0,14.0,8.0,8.0,11.0,357.0,0.0,344.0,64.0,408.0,397.0,51.0,448.0,103.0,195.0,56.0,7.0,72.0,4.0,27.0,5.0,6.0,182.0,24.0,78.0,5.0,21.0,0.0,73.0,14.0,29.0,0,0,1,0,5,2,Monday,19,0.9927693420101229,0.203125,0.2636562272396213,0.7363437727603788,0,0,1.1205205481942524,1.1945509071476916,1021.2857142857143
2026-05-05,1.059120404,1387.0,1469.0,1040.0,380.0,1500.0,1095.0,405.0,656.0,118.0,85.0,283.0,0.0,9.0,10.0,14.0,20.0,13.0,10.0,9.0,12.0,387.0,0.0,337.0,70.0,407.0,478.0,28.0,506.0,118.0,223.0,95.0,11.0,84.0,5.0,29.0,7.0,6.0,172.0,28.0,87.0,7.0,28.0,0.0,87.0,17.0,14.0,0,0,0,1,5,2,Tuesday,19,1.0814708002883922,0.1798780487804878,0.27,0.73,0,0,1.155773470647986,1.0555733262090439,1048.2857142857142
2026-05-06,1.084179971,1378.0,1494.0,1013.0,47.0,1384.0,954.0,430.0,636.0,128.0,86.0,326.0,1.0,6.0,9.0,17.0,23.0,16.0,8.0,7.0,13.0,441.0,0.0,332.0,53.0,385.0,442.0,47.0,489.0,121.0,182.0,81.0,14.0,86.0,5.0,31.0,3.0,0.0,226.0,26.0,85.0,6.0,30.0,0.0,89.0,18.0,21.0,0,0,0,2,5,2,Wednesday,19,1.004354136429608,0.20125786163522014,0.3106936416184971,0.6893063583815029,0,0,1.127873677907139,1.0525852230186368,1041.142857142857
2026-05-07,0.9882783883,1365.0,1349.0,886.0,819.0,1327.0,906.0,421.0,600.0,132.0,100.0,327.0,0.0,11.0,11.0,17.0,24.0,15.0,11.0,11.0,13.0,443.0,0.0,318.0,35.0,353.0,407.0,51.0,458.0,120.0,172.0,87.0,13.0,87.0,5.0,29.0,4.0,0.0,136.0,23.0,84.0,7.0,28.0,0.0,91.0,18.0,23.0,0,0,0,3,5,2,Thursday,19,0.9721611721611721,0.22,0.3172569706103994,0.6827430293896006,0,0,1.0126888627223238,1.0488820578310805,1041.5714285714287
2026-05-08,1.075882795,1331.0,1432.0,1001.0,410.0,1381.0,980.0,401.0,562.0,139.0,85.0,313.0,0.0,10.0,10.0,14.0,20.0,11.0,10.0,10.0,12.0,418.0,0.0,321.0,140.0,461.0,398.0,34.0,432.0,128.0,156.0,97.0,11.0,89.0,5.0,34.0,0.0,2.0,146.0,21.0,82.0,6.0,21.0,0.0,91.0,19.0,29.0,0,0,0,4,5,2,Friday,19,1.0375657400450788,0.24733096085409254,0.29036929761042723,0.7096307023895728,0,0,1.017664238186875,1.044519820972352,1177.4285714285713
2026-05-09,1.093519882,1358.0,1485.0,1119.0,353.0,1556.0,1185.0,371.0,559.0,130.0,75.0,267.0,0.0,8.0,9.0,11.0,22.0,8.0,9.0,8.0,11.0,360.0,0.0,327.0,65.0,392.0,391.0,23.0,414.0,123.0,293.0,82.0,11.0,87.0,6.0,30.0,0.0,0.0,217.0,22.0,82.0,6.0,35.0,0.0,90.0,22.0,18.0,0,1,0,5,5,2,Saturday,19,1.14580265095729,0.23255813953488372,0.2384318766066838,0.7615681233933161,0,0,1.0390206403152773,1.0511910836801206,1344.4285714285713
2026-05-10,0.9510204082,490.0,466.0,1217.0,201.0,1349.0,1162.0,187.0,402.0,63.0,23.0,172.0,0.0,1.0,2.0,10.0,5.0,2.0,2.0,1.0,6.0,205.0,0.0,320.0,29.0,349.0,251.0,14.0,265.0,63.0,272.0,81.0,1.0,53.0,0.0,9.0,9.0,48.0,394.0,9.0,120.0,1.0,7.0,0.0,55.0,1.0,7.0,0,1,0,6,5,2,Sunday,19,2.753061224489796,0.15671641791044777,0.13862120088954782,0.8613787991104522,1,0,1.2838835809116371,1.130972300196031,1410.0
2026-05-11,1.728332119,1373.0,2373.0,905.0,423.0,1280.0,869.0,411.0,586.0,121.0,88.0,320.0,2.0,8.0,9.0,17.0,23.0,14.0,9.0,8.0,12.0,431.0,1.0,329.0,60.0,389.0,420.0,26.0,446.0,113.0,180.0,86.0,15.0,79.0,5.0,29.0,4.0,2.0,116.0,24.0,85.0,7.0,24.0,0.0,81.0,20.0,20.0,0,0,1,0,5,2,Monday,20,0.9322651128914785,0.20648464163822525,0.32109375,0.67890625,0,0,1.2752401196089738,1.1219401553185513,1396.7142857142858
2026-05-12,0.9406294707,1398.0,1315.0,866.0,424.0,1335.0,899.0,436.0,599.0,130.0,87.0,323.0,0.0,9.0,13.0,8.0,20.0,15.0,11.0,11.0,13.0,432.0,0.0,328.0,64.0,392.0,426.0,42.0,468.0,117.0,146.0,98.0,6.0,83.0,5.0,29.0,8.0,0.0,98.0,21.0,85.0,6.0,19.0,0.0,86.0,20.0,23.0,0,0,0,1,5,2,Tuesday,20,0.9549356223175965,0.21702838063439064,0.32659176029962544,0.6734082397003746,0,0,1.2571636656131457,1.114679088666336,1373.142857142857
2026-05-13,0.5881918819,1355.0,797.0,963.0,416.0,1383.0,967.0,416.0,635.0,126.0,128.0,274.0,1.0,6.0,30.0,21.0,21.0,14.0,18.0,18.0,12.0,424.0,0.0,338.0,64.0,402.0,458.0,48.0,506.0,119.0,178.0,91.0,20.0,82.0,6.0,30.0,3.0,12.0,138.0,18.0,83.0,7.0,21.0,0.0,85.0,20.0,21.0,0,0,0,2,5,2,Wednesday,20,1.0206642066420664,0.1984251968503937,0.3007953723788865,0.6992046276211136,0,0,1.2594936756434971,1.118125936572985,1373.0
2026-05-14,1.652394775,1378.0,2277.0,1252.0,405.0,1725.0,1300.0,425.0,605.0,128.0,103.0,288.0,1.0,11.0,13.0,15.0,24.0,16.0,12.0,12.0,13.0,413.0,0.0,322.0,89.0,411.0,449.0,30.0,479.0,116.0,254.0,103.0,11.0,83.0,4.0,29.0,6.0,350.0,1.0,16.0,88.0,6.0,16.0,0.0,87.0,20.0,21.0,0,0,0,3,5,2,Thursday,20,1.2518142235123366,0.2115702479338843,0.2463768115942029,0.7536231884057971,0,0,1.299444111550806,1.1256361289558705,1429.857142857143
2026-05-15,1.112087912,1365.0,1518.0,1020.0,431.0,1433.0,1005.0,428.0,661.0,126.0,60.0,355.0,3.0,6.0,2.0,14.0,19.0,11.0,4.0,4.0,13.0,439.0,0.0,314.0,61.0,375.0,469.0,53.0,522.0,117.0,215.0,85.0,14.0,84.0,4.0,29.0,0.0,150.0,63.0,21.0,89.0,6.0,23.0,0.0,87.0,17.0,22.0,0,0,0,4,5,2,Friday,20,1.0498168498168499,0.19062027231467474,0.29867411025819957,0.7013258897418004,0,0,1.3011942700896306,1.1189190761699503,1437.2857142857142
2026-05-16,1.945977011,870.0,1693.0,1290.0,401.0,1680.0,1286.0,394.0,645.0,122.0,62.0,327.0,0.0,7.0,3.0,15.0,21.0,6.0,5.0,5.0,12.0,409.0,0.0,327.0,55.0,382.0,478.0,32.0,510.0,112.0,350.0,74.0,11.0,78.0,5.0,29.0,8.0,13.0,340.0,19.0,88.0,6.0,22.0,0.0,81.0,21.0,19.0,0,1,0,5,5,2,Saturday,20,1.9310344827586208,0.18914728682170542,0.23452380952380952,0.7654761904761904,1,0,1.4133702460612494,1.1484421878843045,1455.0
2026-05-17,3.578093306,493.0,1764.0,1460.0,279.0,1545.0,1306.0,239.0,480.0,69.0,23.0,249.0,0.0,1.0,2.0,9.0,5.0,3.0,2.0,1.0,7.0,284.0,0.0,417.0,30.0,447.0,317.0,36.0,353.0,72.0,298.0,112.0,0.0,53.0,0.0,20.0,3.0,417.0,110.0,7.0,112.0,1.0,4.0,3.0,55.0,1.0,13.0,0,1,0,6,5,2,Sunday,20,3.133874239350913,0.14375,0.1546925566343042,0.8453074433656957,1,0,1.467772105327123,1.2280548798535216,1483.0
2026-05-18,1.158052434,1335.0,1546.0,1063.0,437.0,1626.0,1164.0,462.0,616.0,118.0,90.0,332.0,1.0,9.0,9.0,15.0,20.0,19.0,9.0,9.0,14.0,448.0,0.0,353.0,64.0,417.0,463.0,25.0,488.0,109.0,297.0,89.0,16.0,76.0,5.0,29.0,5.0,3.0,126.0,18.0,81.0,6.0,23.0,0.0,78.0,19.0,21.0,0,0,1,0,5,2,Monday,21,1.2179775280898877,0.19155844155844157,0.28413284132841327,0.7158671586715867,0,0,1.5085881646411816,1.2276349901967034,1532.4285714285713
2026-05-19,1.166067577,1391.0,1622.0,1135.0,474.0,1579.0,1111.0,468.0,676.0,140.0,87.0,370.0,3.0,8.0,9.0,16.0,22.0,15.0,8.0,9.0,14.0,483.0,0.0,325.0,51.0,376.0,466.0,65.0,531.0,128.0,270.0,62.0,12.0,87.0,5.0,36.0,2.0,54.0,231.0,21.0,93.0,7.0,24.0,0.0,90.0,23.0,27.0,0,0,0,1,5,2,Tuesday,21,1.135154565061107,0.20710059171597633,0.2963901203293224,0.7036098796706777,0,0,1.5343337278902547,1.2239357731912797,1567.2857142857142
2026-05-20,1.188652482,1410.0,1676.0,1181.0,447.0,1669.0,1213.0,456.0,702.0,180.0,91.0,341.0,1.0,8.0,10.0,16.0,23.0,16.0,8.0,10.0,13.0,456.0,0.0,313.0,65.0,378.0,477.0,64.0,541.0,163.0,306.0,65.0,15.0,106.0,8.0,48.0,5.0,159.0,90.0,35.0,83.0,8.0,35.0,0.0,110.0,37.0,33.0,0,0,0,2,5,2,Wednesday,21,1.1836879432624114,0.2564102564102564,0.2732174955062912,0.7267825044937088,0,0,1.5576228331217323,1.2338430658866144,1608.142857142857
